"Type","Description","Date","Site","Annee","Saison","Remarque","Latitude_a","Latitude_b","Latitude_c","Latitude_d","Longitude_a","Longitude_b","Longitude_c","Longitude_d","Meso_5mm","Micro_1mm","Total","Meso_normalise","Micro_normalise","Total_normalise"
"Biomédias","Petits filtres circulaires aux motifs caractéristiques.",2022-04-27,"Barcaghju","2022","Printemps","Aucune",43.007738,43.006958,43.007075,43.007643,9.415923,9.415321,9.415139,9.415722,0,0,0,0,0,0
"Bioperles","Billes d’environ 5mm, cylindriques et striées",2022-04-27,"Barcaghju","2022","Printemps","Aucune",43.007738,43.006958,43.007075,43.007643,9.415923,9.415321,9.415139,9.415722,0,NA,0,0,NA,0
"Fragment de fibre","Fil de pêche, vêtements, dégradation de filets",2022-04-27,"Barcaghju","2022","Printemps","Aucune",43.007738,43.006958,43.007075,43.007643,9.415923,9.415321,9.415139,9.415722,0,0,0,0,0,0
"Films plastiques","Emballages, films alimentaires",2022-04-27,"Barcaghju","2022","Printemps","Aucune",43.007738,43.006958,43.007075,43.007643,9.415923,9.415321,9.415139,9.415722,0,0,0,0,0,0
"Fragments jeunes","Fragments anguleux qui gardent leur couleur d’origine",2022-04-27,"Barcaghju","2022","Printemps","Aucune",43.007738,43.006958,43.007075,43.007643,9.415923,9.415321,9.415139,9.415722,1,0,1,20,0,20
"Fragments vieillis","Fragments aux coins arrondis et/ou blanchis par le sel et le soleil.",2022-04-27,"Barcaghju","2022","Printemps","Aucune",43.007738,43.006958,43.007075,43.007643,9.415923,9.415321,9.415139,9.415722,0,0,0,0,0,0
"Mousses","Souples et alvéolées",2022-04-27,"Barcaghju","2022","Printemps","Aucune",43.007738,43.006958,43.007075,43.007643,9.415923,9.415321,9.415139,9.415722,0,0,0,0,0,0
"Polystirène expansé","Très légers, non alvéolés, extrêmement volatiles",2022-04-27,"Barcaghju","2022","Printemps","Aucune",43.007738,43.006958,43.007075,43.007643,9.415923,9.415321,9.415139,9.415722,0,0,0,0,0,0
"GPI","Billes sphériques ou légèrement ovales, aux couleurs variées et de diamètre 1 à 2mm.",2022-04-27,"Barcaghju","2022","Printemps","Aucune",43.007738,43.006958,43.007075,43.007643,9.415923,9.415321,9.415139,9.415722,NA,0,0,NA,0,0
"Biomédias","Petits filtres circulaires aux motifs caractéristiques.",2022-05-16,"Ferringule","2022","Printemps","Aucune",42.735017,42.734141,42.735083,42.734197,9.344733,9.344303,9.344461,9.344085,0,0,0,0,0,0
"Bioperles","Billes d’environ 5mm, cylindriques et striées",2022-05-16,"Ferringule","2022","Printemps","Aucune",42.735017,42.734141,42.735083,42.734197,9.344733,9.344303,9.344461,9.344085,0,NA,0,0,NA,0
"Fragment de fibre","Fil de pêche, vêtements, dégradation de filets",2022-05-16,"Ferringule","2022","Printemps","Aucune",42.735017,42.734141,42.735083,42.734197,9.344733,9.344303,9.344461,9.344085,1,1,2,20,20,40
"Films plastiques","Emballages, films alimentaires",2022-05-16,"Ferringule","2022","Printemps","Aucune",42.735017,42.734141,42.735083,42.734197,9.344733,9.344303,9.344461,9.344085,0,10,10,0,200,200
"Fragments jeunes","Fragments anguleux qui gardent leur couleur d’origine",2022-05-16,"Ferringule","2022","Printemps","Aucune",42.735017,42.734141,42.735083,42.734197,9.344733,9.344303,9.344461,9.344085,9,23,32,180,460,640
"Fragments vieillis","Fragments aux coins arrondis et/ou blanchis par le sel et le soleil.",2022-05-16,"Ferringule","2022","Printemps","Aucune",42.735017,42.734141,42.735083,42.734197,9.344733,9.344303,9.344461,9.344085,1,9,10,20,180,200
"Mousses","Souples et alvéolées",2022-05-16,"Ferringule","2022","Printemps","Aucune",42.735017,42.734141,42.735083,42.734197,9.344733,9.344303,9.344461,9.344085,0,0,0,0,0,0
"Polystirène expansé","Très légers, non alvéolés, extrêmement volatiles",2022-05-16,"Ferringule","2022","Printemps","Aucune",42.735017,42.734141,42.735083,42.734197,9.344733,9.344303,9.344461,9.344085,0,7,7,0,140,140
"GPI","Billes sphériques ou légèrement ovales, aux couleurs variées et de diamètre 1 à 2mm.",2022-05-16,"Ferringule","2022","Printemps","Aucune",42.735017,42.734141,42.735083,42.734197,9.344733,9.344303,9.344461,9.344085,NA,22,22,NA,440,440
"Biomédias","Petits filtres circulaires aux motifs caractéristiques.",2022-06-24,"Saleccia","2022","Printemps","Aucune",42.726592,42.7261,42.726776,42.726345,9.205542,9.204469,9.205341,9.204383,0,0,0,0,0,0
"Bioperles","Billes d’environ 5mm, cylindriques et striées",2022-06-24,"Saleccia","2022","Printemps","Aucune",42.726592,42.7261,42.726776,42.726345,9.205542,9.204469,9.205341,9.204383,0,NA,0,0,NA,0
"Fragment de fibre","Fil de pêche, vêtements, dégradation de filets",2022-06-24,"Saleccia","2022","Printemps","Aucune",42.726592,42.7261,42.726776,42.726345,9.205542,9.204469,9.205341,9.204383,0,1,1,0,20,20
"Films plastiques","Emballages, films alimentaires",2022-06-24,"Saleccia","2022","Printemps","Aucune",42.726592,42.7261,42.726776,42.726345,9.205542,9.204469,9.205341,9.204383,0,0,0,0,0,0
"Fragments jeunes","Fragments anguleux qui gardent leur couleur d’origine",2022-06-24,"Saleccia","2022","Printemps","Aucune",42.726592,42.7261,42.726776,42.726345,9.205542,9.204469,9.205341,9.204383,3,24,27,60,480,540
"Fragments vieillis","Fragments aux coins arrondis et/ou blanchis par le sel et le soleil.",2022-06-24,"Saleccia","2022","Printemps","Aucune",42.726592,42.7261,42.726776,42.726345,9.205542,9.204469,9.205341,9.204383,2,0,2,40,0,40
"Mousses","Souples et alvéolées",2022-06-24,"Saleccia","2022","Printemps","Aucune",42.726592,42.7261,42.726776,42.726345,9.205542,9.204469,9.205341,9.204383,0,0,0,0,0,0
"Polystirène expansé","Très légers, non alvéolés, extrêmement volatiles",2022-06-24,"Saleccia","2022","Printemps","Aucune",42.726592,42.7261,42.726776,42.726345,9.205542,9.204469,9.205341,9.204383,0,0,0,0,0,0
"GPI","Billes sphériques ou légèrement ovales, aux couleurs variées et de diamètre 1 à 2mm.",2022-06-24,"Saleccia","2022","Printemps","Aucune",42.726592,42.7261,42.726776,42.726345,9.205542,9.204469,9.205341,9.204383,NA,1,1,NA,20,20
"Biomédias","Petits filtres circulaires aux motifs caractéristiques.",2022-08-10,"Barcaghju","2022","Eté","Aucune",43.007738,43.006958,43.007075,43.007643,9.415923,9.415321,9.415139,9.415722,0,0,0,0,0,0
"Bioperles","Billes d’environ 5mm, cylindriques et striées",2022-08-10,"Barcaghju","2022","Eté","Aucune",43.007738,43.006958,43.007075,43.007643,9.415923,9.415321,9.415139,9.415722,0,NA,0,0,NA,0
"Fragment de fibre","Fil de pêche, vêtements, dégradation de filets",2022-08-10,"Barcaghju","2022","Eté","Aucune",43.007738,43.006958,43.007075,43.007643,9.415923,9.415321,9.415139,9.415722,0,0,0,0,0,0
"Films plastiques","Emballages, films alimentaires",2022-08-10,"Barcaghju","2022","Eté","Aucune",43.007738,43.006958,43.007075,43.007643,9.415923,9.415321,9.415139,9.415722,0,0,0,0,0,0
"Fragments jeunes","Fragments anguleux qui gardent leur couleur d’origine",2022-08-10,"Barcaghju","2022","Eté","Aucune",43.007738,43.006958,43.007075,43.007643,9.415923,9.415321,9.415139,9.415722,2,1,3,40,20,60
"Fragments vieillis","Fragments aux coins arrondis et/ou blanchis par le sel et le soleil.",2022-08-10,"Barcaghju","2022","Eté","Aucune",43.007738,43.006958,43.007075,43.007643,9.415923,9.415321,9.415139,9.415722,0,1,1,0,20,20
"Mousses","Souples et alvéolées",2022-08-10,"Barcaghju","2022","Eté","Aucune",43.007738,43.006958,43.007075,43.007643,9.415923,9.415321,9.415139,9.415722,0,0,0,0,0,0
"Polystirène expansé","Très légers, non alvéolés, extrêmement volatiles",2022-08-10,"Barcaghju","2022","Eté","Aucune",43.007738,43.006958,43.007075,43.007643,9.415923,9.415321,9.415139,9.415722,0,0,0,0,0,0
"GPI","Billes sphériques ou légèrement ovales, aux couleurs variées et de diamètre 1 à 2mm.",2022-08-10,"Barcaghju","2022","Eté","Aucune",43.007738,43.006958,43.007075,43.007643,9.415923,9.415321,9.415139,9.415722,NA,0,0,NA,0,0
"Biomédias","Petits filtres circulaires aux motifs caractéristiques.",2022-08-06,"Ferringule","2022","Eté","Aucune",42.735017,42.734141,42.735083,42.734197,9.344733,9.344303,9.344461,9.344085,0,0,0,0,0,0
"Bioperles","Billes d’environ 5mm, cylindriques et striées",2022-08-06,"Ferringule","2022","Eté","Aucune",42.735017,42.734141,42.735083,42.734197,9.344733,9.344303,9.344461,9.344085,0,NA,0,0,NA,0
"Fragment de fibre","Fil de pêche, vêtements, dégradation de filets",2022-08-06,"Ferringule","2022","Eté","Aucune",42.735017,42.734141,42.735083,42.734197,9.344733,9.344303,9.344461,9.344085,2,1,3,40,20,60
"Films plastiques","Emballages, films alimentaires",2022-08-06,"Ferringule","2022","Eté","Aucune",42.735017,42.734141,42.735083,42.734197,9.344733,9.344303,9.344461,9.344085,3,3,6,60,60,120
"Fragments jeunes","Fragments anguleux qui gardent leur couleur d’origine",2022-08-06,"Ferringule","2022","Eté","Aucune",42.735017,42.734141,42.735083,42.734197,9.344733,9.344303,9.344461,9.344085,2,19,21,40,380,420
"Fragments vieillis","Fragments aux coins arrondis et/ou blanchis par le sel et le soleil.",2022-08-06,"Ferringule","2022","Eté","Aucune",42.735017,42.734141,42.735083,42.734197,9.344733,9.344303,9.344461,9.344085,57,91,148,1140,1820,2960
"Mousses","Souples et alvéolées",2022-08-06,"Ferringule","2022","Eté","Aucune",42.735017,42.734141,42.735083,42.734197,9.344733,9.344303,9.344461,9.344085,1,5,6,20,100,120
"Polystirène expansé","Très légers, non alvéolés, extrêmement volatiles",2022-08-06,"Ferringule","2022","Eté","Aucune",42.735017,42.734141,42.735083,42.734197,9.344733,9.344303,9.344461,9.344085,1,1,2,20,20,40
"GPI","Billes sphériques ou légèrement ovales, aux couleurs variées et de diamètre 1 à 2mm.",2022-08-06,"Ferringule","2022","Eté","Aucune",42.735017,42.734141,42.735083,42.734197,9.344733,9.344303,9.344461,9.344085,NA,72,72,NA,1440,1440
"Biomédias","Petits filtres circulaires aux motifs caractéristiques.",2022-08-03,"Saleccia","2022","Eté","Aucune",42.726592,42.7261,42.726776,42.726345,9.205542,9.204469,9.205341,9.204383,0,0,0,0,0,0
"Bioperles","Billes d’environ 5mm, cylindriques et striées",2022-08-03,"Saleccia","2022","Eté","Aucune",42.726592,42.7261,42.726776,42.726345,9.205542,9.204469,9.205341,9.204383,0,NA,0,0,NA,0
"Fragment de fibre","Fil de pêche, vêtements, dégradation de filets",2022-08-03,"Saleccia","2022","Eté","Aucune",42.726592,42.7261,42.726776,42.726345,9.205542,9.204469,9.205341,9.204383,0,1,1,0,20,20
"Films plastiques","Emballages, films alimentaires",2022-08-03,"Saleccia","2022","Eté","Aucune",42.726592,42.7261,42.726776,42.726345,9.205542,9.204469,9.205341,9.204383,0,0,0,0,0,0
"Fragments jeunes","Fragments anguleux qui gardent leur couleur d’origine",2022-08-03,"Saleccia","2022","Eté","Aucune",42.726592,42.7261,42.726776,42.726345,9.205542,9.204469,9.205341,9.204383,0,0,0,0,0,0
"Fragments vieillis","Fragments aux coins arrondis et/ou blanchis par le sel et le soleil.",2022-08-03,"Saleccia","2022","Eté","Aucune",42.726592,42.7261,42.726776,42.726345,9.205542,9.204469,9.205341,9.204383,4,3,7,80,60,140
"Mousses","Souples et alvéolées",2022-08-03,"Saleccia","2022","Eté","Aucune",42.726592,42.7261,42.726776,42.726345,9.205542,9.204469,9.205341,9.204383,1,1,2,20,20,40
"Polystirène expansé","Très légers, non alvéolés, extrêmement volatiles",2022-08-03,"Saleccia","2022","Eté","Aucune",42.726592,42.7261,42.726776,42.726345,9.205542,9.204469,9.205341,9.204383,0,0,0,0,0,0
"GPI","Billes sphériques ou légèrement ovales, aux couleurs variées et de diamètre 1 à 2mm.",2022-08-03,"Saleccia","2022","Eté","Aucune",42.726592,42.7261,42.726776,42.726345,9.205542,9.204469,9.205341,9.204383,NA,0,0,NA,0,0
"Biomédias","Petits filtres circulaires aux motifs caractéristiques.",2022-11-18,"Barcaghju","2022","Automne","Grosse accumulation de microplastique dans la végétation de haut de plage (donc non integrée au protocole)",43.007738,43.006958,43.007075,43.007643,9.415923,9.415321,9.415139,9.415722,0,0,0,0,0,0
"Bioperles","Billes d’environ 5mm, cylindriques et striées",2022-11-18,"Barcaghju","2022","Automne","Grosse accumulation de microplastique dans la végétation de haut de plage (donc non integrée au protocole)",43.007738,43.006958,43.007075,43.007643,9.415923,9.415321,9.415139,9.415722,0,NA,0,0,NA,0
"Fragment de fibre","Fil de pêche, vêtements, dégradation de filets",2022-11-18,"Barcaghju","2022","Automne","Grosse accumulation de microplastique dans la végétation de haut de plage (donc non integrée au protocole)",43.007738,43.006958,43.007075,43.007643,9.415923,9.415321,9.415139,9.415722,0,0,0,0,0,0
"Films plastiques","Emballages, films alimentaires",2022-11-18,"Barcaghju","2022","Automne","Grosse accumulation de microplastique dans la végétation de haut de plage (donc non integrée au protocole)",43.007738,43.006958,43.007075,43.007643,9.415923,9.415321,9.415139,9.415722,0,0,0,0,0,0
"Fragments jeunes","Fragments anguleux qui gardent leur couleur d’origine",2022-11-18,"Barcaghju","2022","Automne","Grosse accumulation de microplastique dans la végétation de haut de plage (donc non integrée au protocole)",43.007738,43.006958,43.007075,43.007643,9.415923,9.415321,9.415139,9.415722,2,1,3,40,20,60
"Fragments vieillis","Fragments aux coins arrondis et/ou blanchis par le sel et le soleil.",2022-11-18,"Barcaghju","2022","Automne","Grosse accumulation de microplastique dans la végétation de haut de plage (donc non integrée au protocole)",43.007738,43.006958,43.007075,43.007643,9.415923,9.415321,9.415139,9.415722,1,6,7,20,120,140
"Mousses","Souples et alvéolées",2022-11-18,"Barcaghju","2022","Automne","Grosse accumulation de microplastique dans la végétation de haut de plage (donc non integrée au protocole)",43.007738,43.006958,43.007075,43.007643,9.415923,9.415321,9.415139,9.415722,0,0,0,0,0,0
"Polystirène expansé","Très légers, non alvéolés, extrêmement volatiles",2022-11-18,"Barcaghju","2022","Automne","Grosse accumulation de microplastique dans la végétation de haut de plage (donc non integrée au protocole)",43.007738,43.006958,43.007075,43.007643,9.415923,9.415321,9.415139,9.415722,0,0,0,0,0,0
"GPI","Billes sphériques ou légèrement ovales, aux couleurs variées et de diamètre 1 à 2mm.",2022-11-18,"Barcaghju","2022","Automne","Grosse accumulation de microplastique dans la végétation de haut de plage (donc non integrée au protocole)",43.007738,43.006958,43.007075,43.007643,9.415923,9.415321,9.415139,9.415722,NA,2,2,NA,40,40
"Biomédias","Petits filtres circulaires aux motifs caractéristiques.",2022-10-06,"Ferringule","2022","Automne","Aucune",42.735017,42.734141,42.735083,42.734197,9.344733,9.344303,9.344461,9.344085,2,1,3,40,20,60
"Bioperles","Billes d’environ 5mm, cylindriques et striées",2022-10-06,"Ferringule","2022","Automne","Aucune",42.735017,42.734141,42.735083,42.734197,9.344733,9.344303,9.344461,9.344085,0,NA,0,0,NA,0
"Fragment de fibre","Fil de pêche, vêtements, dégradation de filets",2022-10-06,"Ferringule","2022","Automne","Aucune",42.735017,42.734141,42.735083,42.734197,9.344733,9.344303,9.344461,9.344085,8,3,11,160,60,220
"Films plastiques","Emballages, films alimentaires",2022-10-06,"Ferringule","2022","Automne","Aucune",42.735017,42.734141,42.735083,42.734197,9.344733,9.344303,9.344461,9.344085,5,26,31,100,520,620
"Fragments jeunes","Fragments anguleux qui gardent leur couleur d’origine",2022-10-06,"Ferringule","2022","Automne","Aucune",42.735017,42.734141,42.735083,42.734197,9.344733,9.344303,9.344461,9.344085,11,77,88,220,1540,1760
"Fragments vieillis","Fragments aux coins arrondis et/ou blanchis par le sel et le soleil.",2022-10-06,"Ferringule","2022","Automne","Aucune",42.735017,42.734141,42.735083,42.734197,9.344733,9.344303,9.344461,9.344085,19,492,511,380,9840,10220
"Mousses","Souples et alvéolées",2022-10-06,"Ferringule","2022","Automne","Aucune",42.735017,42.734141,42.735083,42.734197,9.344733,9.344303,9.344461,9.344085,0,3,3,0,60,60
"Polystirène expansé","Très légers, non alvéolés, extrêmement volatiles",2022-10-06,"Ferringule","2022","Automne","Aucune",42.735017,42.734141,42.735083,42.734197,9.344733,9.344303,9.344461,9.344085,0,23,23,0,460,460
"GPI","Billes sphériques ou légèrement ovales, aux couleurs variées et de diamètre 1 à 2mm.",2022-10-06,"Ferringule","2022","Automne","Aucune",42.735017,42.734141,42.735083,42.734197,9.344733,9.344303,9.344461,9.344085,NA,39,39,NA,780,780
"Biomédias","Petits filtres circulaires aux motifs caractéristiques.",2022-10-18,"La Roya","2022","Automne","Microplastiques retrouvés uniquement sur les bandes 1 et 2, voir pour décaler la zone de collecte plus à l'Est",42.675341,42.675969,42.675423,42.676037,9.285529,9.284623,9.285629,9.284741,0,0,0,0,0,0
"Bioperles","Billes d’environ 5mm, cylindriques et striées",2022-10-18,"La Roya","2022","Automne","Microplastiques retrouvés uniquement sur les bandes 1 et 2, voir pour décaler la zone de collecte plus à l'Est",42.675341,42.675969,42.675423,42.676037,9.285529,9.284623,9.285629,9.284741,0,NA,0,0,NA,0
"Fragment de fibre","Fil de pêche, vêtements, dégradation de filets",2022-10-18,"La Roya","2022","Automne","Microplastiques retrouvés uniquement sur les bandes 1 et 2, voir pour décaler la zone de collecte plus à l'Est",42.675341,42.675969,42.675423,42.676037,9.285529,9.284623,9.285629,9.284741,4,3,7,80,60,140
"Films plastiques","Emballages, films alimentaires",2022-10-18,"La Roya","2022","Automne","Microplastiques retrouvés uniquement sur les bandes 1 et 2, voir pour décaler la zone de collecte plus à l'Est",42.675341,42.675969,42.675423,42.676037,9.285529,9.284623,9.285629,9.284741,5,5,10,100,100,200
"Fragments jeunes","Fragments anguleux qui gardent leur couleur d’origine",2022-10-18,"La Roya","2022","Automne","Microplastiques retrouvés uniquement sur les bandes 1 et 2, voir pour décaler la zone de collecte plus à l'Est",42.675341,42.675969,42.675423,42.676037,9.285529,9.284623,9.285629,9.284741,4,10,14,80,200,280
"Fragments vieillis","Fragments aux coins arrondis et/ou blanchis par le sel et le soleil.",2022-10-18,"La Roya","2022","Automne","Microplastiques retrouvés uniquement sur les bandes 1 et 2, voir pour décaler la zone de collecte plus à l'Est",42.675341,42.675969,42.675423,42.676037,9.285529,9.284623,9.285629,9.284741,21,289,310,420,5780,6200
"Mousses","Souples et alvéolées",2022-10-18,"La Roya","2022","Automne","Microplastiques retrouvés uniquement sur les bandes 1 et 2, voir pour décaler la zone de collecte plus à l'Est",42.675341,42.675969,42.675423,42.676037,9.285529,9.284623,9.285629,9.284741,0,0,0,0,0,0
"Polystirène expansé","Très légers, non alvéolés, extrêmement volatiles",2022-10-18,"La Roya","2022","Automne","Microplastiques retrouvés uniquement sur les bandes 1 et 2, voir pour décaler la zone de collecte plus à l'Est",42.675341,42.675969,42.675423,42.676037,9.285529,9.284623,9.285629,9.284741,0,6,6,0,120,120
"GPI","Billes sphériques ou légèrement ovales, aux couleurs variées et de diamètre 1 à 2mm.",2022-10-18,"La Roya","2022","Automne","Microplastiques retrouvés uniquement sur les bandes 1 et 2, voir pour décaler la zone de collecte plus à l'Est",42.675341,42.675969,42.675423,42.676037,9.285529,9.284623,9.285629,9.284741,NA,58,7,NA,1160,140
"Biomédias","Petits filtres circulaires aux motifs caractéristiques.",2022-12-22,"Lozari","2022","Automne","Aucune",0,0,0,0,0,0,0,0,0,0,0,0,0,0
"Bioperles","Billes d’environ 5mm, cylindriques et striées",2022-12-22,"Lozari","2022","Automne","Aucune",0,0,0,0,0,0,0,0,0,NA,0,0,NA,0
"Fragment de fibre","Fil de pêche, vêtements, dégradation de filets",2022-12-22,"Lozari","2022","Automne","Aucune",0,0,0,0,0,0,0,0,0,0,0,0,0,0
"Films plastiques","Emballages, films alimentaires",2022-12-22,"Lozari","2022","Automne","Aucune",0,0,0,0,0,0,0,0,0,0,0,0,0,0
"Fragments jeunes","Fragments anguleux qui gardent leur couleur d’origine",2022-12-22,"Lozari","2022","Automne","Aucune",0,0,0,0,0,0,0,0,3,7,10,60,140,200
"Fragments vieillis","Fragments aux coins arrondis et/ou blanchis par le sel et le soleil.",2022-12-22,"Lozari","2022","Automne","Aucune",0,0,0,0,0,0,0,0,0,0,0,0,0,0
"Mousses","Souples et alvéolées",2022-12-22,"Lozari","2022","Automne","Aucune",0,0,0,0,0,0,0,0,0,0,0,0,0,0
"Polystirène expansé","Très légers, non alvéolés, extrêmement volatiles",2022-12-22,"Lozari","2022","Automne","Aucune",0,0,0,0,0,0,0,0,0,1,1,0,20,20
"GPI","Billes sphériques ou légèrement ovales, aux couleurs variées et de diamètre 1 à 2mm.",2022-12-22,"Lozari","2022","Automne","Aucune",0,0,0,0,0,0,0,0,NA,0,0,NA,0,0
"Biomédias","Petits filtres circulaires aux motifs caractéristiques.",2022-11-03,"Macinaghju","2022","Automne","Aucune",42.965595,42.966275,42.965486,42.966166,9.452401,9.45322,9.45256,9.453369,3,0,3,60,0,60
"Bioperles","Billes d’environ 5mm, cylindriques et striées",2022-11-03,"Macinaghju","2022","Automne","Aucune",42.965595,42.966275,42.965486,42.966166,9.452401,9.45322,9.45256,9.453369,0,NA,0,0,NA,0
"Fragment de fibre","Fil de pêche, vêtements, dégradation de filets",2022-11-03,"Macinaghju","2022","Automne","Aucune",42.965595,42.966275,42.965486,42.966166,9.452401,9.45322,9.45256,9.453369,0,4,4,0,80,80
"Films plastiques","Emballages, films alimentaires",2022-11-03,"Macinaghju","2022","Automne","Aucune",42.965595,42.966275,42.965486,42.966166,9.452401,9.45322,9.45256,9.453369,0,2,2,0,40,40
"Fragments jeunes","Fragments anguleux qui gardent leur couleur d’origine",2022-11-03,"Macinaghju","2022","Automne","Aucune",42.965595,42.966275,42.965486,42.966166,9.452401,9.45322,9.45256,9.453369,8,8,16,160,160,320
"Fragments vieillis","Fragments aux coins arrondis et/ou blanchis par le sel et le soleil.",2022-11-03,"Macinaghju","2022","Automne","Aucune",42.965595,42.966275,42.965486,42.966166,9.452401,9.45322,9.45256,9.453369,13,152,165,260,3040,3300
"Mousses","Souples et alvéolées",2022-11-03,"Macinaghju","2022","Automne","Aucune",42.965595,42.966275,42.965486,42.966166,9.452401,9.45322,9.45256,9.453369,0,2,2,0,40,40
"Polystirène expansé","Très légers, non alvéolés, extrêmement volatiles",2022-11-03,"Macinaghju","2022","Automne","Aucune",42.965595,42.966275,42.965486,42.966166,9.452401,9.45322,9.45256,9.453369,0,12,12,0,240,240
"GPI","Billes sphériques ou légèrement ovales, aux couleurs variées et de diamètre 1 à 2mm.",2022-11-03,"Macinaghju","2022","Automne","Aucune",42.965595,42.966275,42.965486,42.966166,9.452401,9.45322,9.45256,9.453369,NA,25,4,NA,500,80
"Biomédias","Petits filtres circulaires aux motifs caractéristiques.",2022-12-06,"Ostriconi","2022","Automne","tempète la semaine précédente, tous les microplastiques localisés en haut de plage",42.661521,42.661386,42.662246,42.662388,9.060408,9.061094,9.061563,9.060907,0,0,0,0,0,0
"Bioperles","Billes d’environ 5mm, cylindriques et striées",2022-12-06,"Ostriconi","2022","Automne","tempète la semaine précédente, tous les microplastiques localisés en haut de plage",42.661521,42.661386,42.662246,42.662388,9.060408,9.061094,9.061563,9.060907,0,NA,0,0,NA,0
"Fragment de fibre","Fil de pêche, vêtements, dégradation de filets",2022-12-06,"Ostriconi","2022","Automne","tempète la semaine précédente, tous les microplastiques localisés en haut de plage",42.661521,42.661386,42.662246,42.662388,9.060408,9.061094,9.061563,9.060907,2,9,16,40,180,320
"Films plastiques","Emballages, films alimentaires",2022-12-06,"Ostriconi","2022","Automne","tempète la semaine précédente, tous les microplastiques localisés en haut de plage",42.661521,42.661386,42.662246,42.662388,9.060408,9.061094,9.061563,9.060907,7,2,17,140,40,340
"Fragments jeunes","Fragments anguleux qui gardent leur couleur d’origine",2022-12-06,"Ostriconi","2022","Automne","tempète la semaine précédente, tous les microplastiques localisés en haut de plage",42.661521,42.661386,42.662246,42.662388,9.060408,9.061094,9.061563,9.060907,15,3,538,300,60,10760
"Fragments vieillis","Fragments aux coins arrondis et/ou blanchis par le sel et le soleil.",2022-12-06,"Ostriconi","2022","Automne","tempète la semaine précédente, tous les microplastiques localisés en haut de plage",42.661521,42.661386,42.662246,42.662388,9.060408,9.061094,9.061563,9.060907,535,126,131,10700,2520,2620
"Mousses","Souples et alvéolées",2022-12-06,"Ostriconi","2022","Automne","tempète la semaine précédente, tous les microplastiques localisés en haut de plage",42.661521,42.661386,42.662246,42.662388,9.060408,9.061094,9.061563,9.060907,5,3,18,100,60,360
"Polystirène expansé","Très légers, non alvéolés, extrêmement volatiles",2022-12-06,"Ostriconi","2022","Automne","tempète la semaine précédente, tous les microplastiques localisés en haut de plage",42.661521,42.661386,42.662246,42.662388,9.060408,9.061094,9.061563,9.060907,15,20,20,300,400,400
"GPI","Billes sphériques ou légèrement ovales, aux couleurs variées et de diamètre 1 à 2mm.",2022-12-06,"Ostriconi","2022","Automne","tempète la semaine précédente, tous les microplastiques localisés en haut de plage",42.661521,42.661386,42.662246,42.662388,9.060408,9.061094,9.061563,9.060907,NA,618,620,NA,12360,12400
"Biomédias","Petits filtres circulaires aux motifs caractéristiques.",2022-10-25,"Petracurbara","2022","Automne","Aucune",42.838509,42.839412,42.838506,42.839376,9.479719,9.479907,9.479886,9.480058,0,0,0,0,0,0
"Bioperles","Billes d’environ 5mm, cylindriques et striées",2022-10-25,"Petracurbara","2022","Automne","Aucune",42.838509,42.839412,42.838506,42.839376,9.479719,9.479907,9.479886,9.480058,0,NA,0,0,NA,0
"Fragment de fibre","Fil de pêche, vêtements, dégradation de filets",2022-10-25,"Petracurbara","2022","Automne","Aucune",42.838509,42.839412,42.838506,42.839376,9.479719,9.479907,9.479886,9.480058,1,2,3,20,40,60
"Films plastiques","Emballages, films alimentaires",2022-10-25,"Petracurbara","2022","Automne","Aucune",42.838509,42.839412,42.838506,42.839376,9.479719,9.479907,9.479886,9.480058,2,1,3,40,20,60
"Fragments jeunes","Fragments anguleux qui gardent leur couleur d’origine",2022-10-25,"Petracurbara","2022","Automne","Aucune",42.838509,42.839412,42.838506,42.839376,9.479719,9.479907,9.479886,9.480058,1,4,5,20,80,100
"Fragments vieillis","Fragments aux coins arrondis et/ou blanchis par le sel et le soleil.",2022-10-25,"Petracurbara","2022","Automne","Aucune",42.838509,42.839412,42.838506,42.839376,9.479719,9.479907,9.479886,9.480058,1,6,7,20,120,140
"Mousses","Souples et alvéolées",2022-10-25,"Petracurbara","2022","Automne","Aucune",42.838509,42.839412,42.838506,42.839376,9.479719,9.479907,9.479886,9.480058,0,0,0,0,0,0
"Polystirène expansé","Très légers, non alvéolés, extrêmement volatiles",2022-10-25,"Petracurbara","2022","Automne","Aucune",42.838509,42.839412,42.838506,42.839376,9.479719,9.479907,9.479886,9.480058,0,0,0,0,0,0
"GPI","Billes sphériques ou légèrement ovales, aux couleurs variées et de diamètre 1 à 2mm.",2022-10-25,"Petracurbara","2022","Automne","Aucune",42.838509,42.839412,42.838506,42.839376,9.479719,9.479907,9.479886,9.480058,NA,1,3,NA,20,60
"Biomédias","Petits filtres circulaires aux motifs caractéristiques.",2023-04-18,"Barcaghju","2022","Hiver","Aucune",43.007738,43.006958,43.007075,43.007643,9.415923,9.415321,9.415139,9.415722,0,0,0,0,0,0
"Bioperles","Billes d’environ 5mm, cylindriques et striées",2023-04-18,"Barcaghju","2022","Hiver","Aucune",43.007738,43.006958,43.007075,43.007643,9.415923,9.415321,9.415139,9.415722,0,NA,0,0,NA,0
"Fragment de fibre","Fil de pêche, vêtements, dégradation de filets",2023-04-18,"Barcaghju","2022","Hiver","Aucune",43.007738,43.006958,43.007075,43.007643,9.415923,9.415321,9.415139,9.415722,0,0,0,0,0,0
"Films plastiques","Emballages, films alimentaires",2023-04-18,"Barcaghju","2022","Hiver","Aucune",43.007738,43.006958,43.007075,43.007643,9.415923,9.415321,9.415139,9.415722,0,0,0,0,0,0
"Fragments jeunes","Fragments anguleux qui gardent leur couleur d’origine",2023-04-18,"Barcaghju","2022","Hiver","Aucune",43.007738,43.006958,43.007075,43.007643,9.415923,9.415321,9.415139,9.415722,0,2,2,0,40,40
"Fragments vieillis","Fragments aux coins arrondis et/ou blanchis par le sel et le soleil.",2023-04-18,"Barcaghju","2022","Hiver","Aucune",43.007738,43.006958,43.007075,43.007643,9.415923,9.415321,9.415139,9.415722,3,10,13,60,200,260
"Mousses","Souples et alvéolées",2023-04-18,"Barcaghju","2022","Hiver","Aucune",43.007738,43.006958,43.007075,43.007643,9.415923,9.415321,9.415139,9.415722,1,0,1,20,0,20
"Polystirène expansé","Très légers, non alvéolés, extrêmement volatiles",2023-04-18,"Barcaghju","2022","Hiver","Aucune",43.007738,43.006958,43.007075,43.007643,9.415923,9.415321,9.415139,9.415722,0,1,1,0,20,20
"GPI","Billes sphériques ou légèrement ovales, aux couleurs variées et de diamètre 1 à 2mm.",2023-04-18,"Barcaghju","2022","Hiver","Aucune",43.007738,43.006958,43.007075,43.007643,9.415923,9.415321,9.415139,9.415722,NA,8,8,NA,160,160
"Biomédias","Petits filtres circulaires aux motifs caractéristiques.",2023-01-11,"Ferringule","2022","Hiver","Aucune",42.735017,42.734141,42.735083,42.734197,9.344733,9.344303,9.344461,9.344085,0,0,0,0,0,0
"Bioperles","Billes d’environ 5mm, cylindriques et striées",2023-01-11,"Ferringule","2022","Hiver","Aucune",42.735017,42.734141,42.735083,42.734197,9.344733,9.344303,9.344461,9.344085,2,NA,0,40,NA,0
"Fragment de fibre","Fil de pêche, vêtements, dégradation de filets",2023-01-11,"Ferringule","2022","Hiver","Aucune",42.735017,42.734141,42.735083,42.734197,9.344733,9.344303,9.344461,9.344085,4,1,5,80,20,100
"Films plastiques","Emballages, films alimentaires",2023-01-11,"Ferringule","2022","Hiver","Aucune",42.735017,42.734141,42.735083,42.734197,9.344733,9.344303,9.344461,9.344085,2,1,3,40,20,60
"Fragments jeunes","Fragments anguleux qui gardent leur couleur d’origine",2023-01-11,"Ferringule","2022","Hiver","Aucune",42.735017,42.734141,42.735083,42.734197,9.344733,9.344303,9.344461,9.344085,18,8,26,360,160,520
"Fragments vieillis","Fragments aux coins arrondis et/ou blanchis par le sel et le soleil.",2023-01-11,"Ferringule","2022","Hiver","Aucune",42.735017,42.734141,42.735083,42.734197,9.344733,9.344303,9.344461,9.344085,64,582,646,1280,11640,12920
"Mousses","Souples et alvéolées",2023-01-11,"Ferringule","2022","Hiver","Aucune",42.735017,42.734141,42.735083,42.734197,9.344733,9.344303,9.344461,9.344085,0,2,2,0,40,40
"Polystirène expansé","Très légers, non alvéolés, extrêmement volatiles",2023-01-11,"Ferringule","2022","Hiver","Aucune",42.735017,42.734141,42.735083,42.734197,9.344733,9.344303,9.344461,9.344085,0,36,36,0,720,720
"GPI","Billes sphériques ou légèrement ovales, aux couleurs variées et de diamètre 1 à 2mm.",2023-01-11,"Ferringule","2022","Hiver","Aucune",42.735017,42.734141,42.735083,42.734197,9.344733,9.344303,9.344461,9.344085,NA,138,138,NA,2760,2760
"Biomédias","Petits filtres circulaires aux motifs caractéristiques.",2023-02-16,"La Roya","2022","Hiver","Aucune",42.675341,42.675969,42.675423,42.676037,9.285529,9.284623,9.285629,9.284741,0,0,0,0,0,0
"Bioperles","Billes d’environ 5mm, cylindriques et striées",2023-02-16,"La Roya","2022","Hiver","Aucune",42.675341,42.675969,42.675423,42.676037,9.285529,9.284623,9.285629,9.284741,0,NA,0,0,NA,0
"Fragment de fibre","Fil de pêche, vêtements, dégradation de filets",2023-02-16,"La Roya","2022","Hiver","Aucune",42.675341,42.675969,42.675423,42.676037,9.285529,9.284623,9.285629,9.284741,6,2,8,120,40,160
"Films plastiques","Emballages, films alimentaires",2023-02-16,"La Roya","2022","Hiver","Aucune",42.675341,42.675969,42.675423,42.676037,9.285529,9.284623,9.285629,9.284741,0,0,0,0,0,0
"Fragments jeunes","Fragments anguleux qui gardent leur couleur d’origine",2023-02-16,"La Roya","2022","Hiver","Aucune",42.675341,42.675969,42.675423,42.676037,9.285529,9.284623,9.285629,9.284741,7,2,9,140,40,180
"Fragments vieillis","Fragments aux coins arrondis et/ou blanchis par le sel et le soleil.",2023-02-16,"La Roya","2022","Hiver","Aucune",42.675341,42.675969,42.675423,42.676037,9.285529,9.284623,9.285629,9.284741,7,35,42,140,700,840
"Mousses","Souples et alvéolées",2023-02-16,"La Roya","2022","Hiver","Aucune",42.675341,42.675969,42.675423,42.676037,9.285529,9.284623,9.285629,9.284741,0,0,0,0,0,0
"Polystirène expansé","Très légers, non alvéolés, extrêmement volatiles",2023-02-16,"La Roya","2022","Hiver","Aucune",42.675341,42.675969,42.675423,42.676037,9.285529,9.284623,9.285629,9.284741,0,1,1,0,20,20
"GPI","Billes sphériques ou légèrement ovales, aux couleurs variées et de diamètre 1 à 2mm.",2023-02-16,"La Roya","2022","Hiver","Aucune",42.675341,42.675969,42.675423,42.676037,9.285529,9.284623,9.285629,9.284741,NA,5,8,NA,100,160
"Biomédias","Petits filtres circulaires aux motifs caractéristiques.",2023-02-24,"Macinaghju","2022","Hiver","Aucune",42.965595,42.966275,42.965486,42.966166,9.452401,9.45322,9.45256,9.453369,0,0,0,0,0,0
"Bioperles","Billes d’environ 5mm, cylindriques et striées",2023-02-24,"Macinaghju","2022","Hiver","Aucune",42.965595,42.966275,42.965486,42.966166,9.452401,9.45322,9.45256,9.453369,0,NA,0,0,NA,0
"Fragment de fibre","Fil de pêche, vêtements, dégradation de filets",2023-02-24,"Macinaghju","2022","Hiver","Aucune",42.965595,42.966275,42.965486,42.966166,9.452401,9.45322,9.45256,9.453369,1,5,6,20,100,120
"Films plastiques","Emballages, films alimentaires",2023-02-24,"Macinaghju","2022","Hiver","Aucune",42.965595,42.966275,42.965486,42.966166,9.452401,9.45322,9.45256,9.453369,2,2,4,40,40,80
"Fragments jeunes","Fragments anguleux qui gardent leur couleur d’origine",2023-02-24,"Macinaghju","2022","Hiver","Aucune",42.965595,42.966275,42.965486,42.966166,9.452401,9.45322,9.45256,9.453369,12,14,26,240,280,520
"Fragments vieillis","Fragments aux coins arrondis et/ou blanchis par le sel et le soleil.",2023-02-24,"Macinaghju","2022","Hiver","Aucune",42.965595,42.966275,42.965486,42.966166,9.452401,9.45322,9.45256,9.453369,16,109,125,320,2180,2500
"Mousses","Souples et alvéolées",2023-02-24,"Macinaghju","2022","Hiver","Aucune",42.965595,42.966275,42.965486,42.966166,9.452401,9.45322,9.45256,9.453369,1,2,3,20,40,60
"Polystirène expansé","Très légers, non alvéolés, extrêmement volatiles",2023-02-24,"Macinaghju","2022","Hiver","Aucune",42.965595,42.966275,42.965486,42.966166,9.452401,9.45322,9.45256,9.453369,0,3,3,0,60,60
"GPI","Billes sphériques ou légèrement ovales, aux couleurs variées et de diamètre 1 à 2mm.",2023-02-24,"Macinaghju","2022","Hiver","Aucune",42.965595,42.966275,42.965486,42.966166,9.452401,9.45322,9.45256,9.453369,NA,15,6,NA,300,120
"Biomédias","Petits filtres circulaires aux motifs caractéristiques.",2023-02-10,"Ostriconi","2022","Hiver","Aucune",42.661521,42.661386,42.662246,42.662388,9.060408,9.061094,9.061563,9.060907,0,0,0,0,0,0
"Bioperles","Billes d’environ 5mm, cylindriques et striées",2023-02-10,"Ostriconi","2022","Hiver","Aucune",42.661521,42.661386,42.662246,42.662388,9.060408,9.061094,9.061563,9.060907,0,NA,0,0,NA,0
"Fragment de fibre","Fil de pêche, vêtements, dégradation de filets",2023-02-10,"Ostriconi","2022","Hiver","Aucune",42.661521,42.661386,42.662246,42.662388,9.060408,9.061094,9.061563,9.060907,3,2,5,60,40,100
"Films plastiques","Emballages, films alimentaires",2023-02-10,"Ostriconi","2022","Hiver","Aucune",42.661521,42.661386,42.662246,42.662388,9.060408,9.061094,9.061563,9.060907,1,1,2,20,20,40
"Fragments jeunes","Fragments anguleux qui gardent leur couleur d’origine",2023-02-10,"Ostriconi","2022","Hiver","Aucune",42.661521,42.661386,42.662246,42.662388,9.060408,9.061094,9.061563,9.060907,5,11,16,100,220,320
"Fragments vieillis","Fragments aux coins arrondis et/ou blanchis par le sel et le soleil.",2023-02-10,"Ostriconi","2022","Hiver","Aucune",42.661521,42.661386,42.662246,42.662388,9.060408,9.061094,9.061563,9.060907,27,71,98,540,1420,1960
"Mousses","Souples et alvéolées",2023-02-10,"Ostriconi","2022","Hiver","Aucune",42.661521,42.661386,42.662246,42.662388,9.060408,9.061094,9.061563,9.060907,1,1,2,20,20,40
"Polystirène expansé","Très légers, non alvéolés, extrêmement volatiles",2023-02-10,"Ostriconi","2022","Hiver","Aucune",42.661521,42.661386,42.662246,42.662388,9.060408,9.061094,9.061563,9.060907,1,3,4,20,60,80
"GPI","Billes sphériques ou légèrement ovales, aux couleurs variées et de diamètre 1 à 2mm.",2023-02-10,"Ostriconi","2022","Hiver","Aucune",42.661521,42.661386,42.662246,42.662388,9.060408,9.061094,9.061563,9.060907,NA,75,5,NA,1500,100
"Biomédias","Petits filtres circulaires aux motifs caractéristiques.",2023-04-03,"Petracurbara","2022","Hiver","Aucune",42.838509,42.839412,42.838506,42.839376,9.479719,9.479907,9.479886,9.480058,0,0,0,0,0,0
"Bioperles","Billes d’environ 5mm, cylindriques et striées",2023-04-03,"Petracurbara","2022","Hiver","Aucune",42.838509,42.839412,42.838506,42.839376,9.479719,9.479907,9.479886,9.480058,0,NA,0,0,NA,0
"Fragment de fibre","Fil de pêche, vêtements, dégradation de filets",2023-04-03,"Petracurbara","2022","Hiver","Aucune",42.838509,42.839412,42.838506,42.839376,9.479719,9.479907,9.479886,9.480058,1,1,2,20,20,40
"Films plastiques","Emballages, films alimentaires",2023-04-03,"Petracurbara","2022","Hiver","Aucune",42.838509,42.839412,42.838506,42.839376,9.479719,9.479907,9.479886,9.480058,1,2,3,20,40,60
"Fragments jeunes","Fragments anguleux qui gardent leur couleur d’origine",2023-04-03,"Petracurbara","2022","Hiver","Aucune",42.838509,42.839412,42.838506,42.839376,9.479719,9.479907,9.479886,9.480058,7,0,7,140,0,140
"Fragments vieillis","Fragments aux coins arrondis et/ou blanchis par le sel et le soleil.",2023-04-03,"Petracurbara","2022","Hiver","Aucune",42.838509,42.839412,42.838506,42.839376,9.479719,9.479907,9.479886,9.480058,10,12,22,200,240,440
"Mousses","Souples et alvéolées",2023-04-03,"Petracurbara","2022","Hiver","Aucune",42.838509,42.839412,42.838506,42.839376,9.479719,9.479907,9.479886,9.480058,1,0,1,20,0,20
"Polystirène expansé","Très légers, non alvéolés, extrêmement volatiles",2023-04-03,"Petracurbara","2022","Hiver","Aucune",42.838509,42.839412,42.838506,42.839376,9.479719,9.479907,9.479886,9.480058,0,0,0,0,0,0
"GPI","Billes sphériques ou légèrement ovales, aux couleurs variées et de diamètre 1 à 2mm.",2023-04-03,"Petracurbara","2022","Hiver","Aucune",42.838509,42.839412,42.838506,42.839376,9.479719,9.479907,9.479886,9.480058,NA,10,2,NA,200,40
"Biomédias","Petits filtres circulaires aux motifs caractéristiques.",2023-01-31,"Saleccia","2022","Hiver","Aucune",42.726592,42.7261,42.726776,42.726345,9.205542,9.204469,9.205341,9.204383,0,0,0,0,0,0
"Bioperles","Billes d’environ 5mm, cylindriques et striées",2023-01-31,"Saleccia","2022","Hiver","Aucune",42.726592,42.7261,42.726776,42.726345,9.205542,9.204469,9.205341,9.204383,0,NA,0,0,NA,0
"Fragment de fibre","Fil de pêche, vêtements, dégradation de filets",2023-01-31,"Saleccia","2022","Hiver","Aucune",42.726592,42.7261,42.726776,42.726345,9.205542,9.204469,9.205341,9.204383,0,0,0,0,0,0
"Films plastiques","Emballages, films alimentaires",2023-01-31,"Saleccia","2022","Hiver","Aucune",42.726592,42.7261,42.726776,42.726345,9.205542,9.204469,9.205341,9.204383,0,0,0,0,0,0
"Fragments jeunes","Fragments anguleux qui gardent leur couleur d’origine",2023-01-31,"Saleccia","2022","Hiver","Aucune",42.726592,42.7261,42.726776,42.726345,9.205542,9.204469,9.205341,9.204383,0,1,1,0,20,20
"Fragments vieillis","Fragments aux coins arrondis et/ou blanchis par le sel et le soleil.",2023-01-31,"Saleccia","2022","Hiver","Aucune",42.726592,42.7261,42.726776,42.726345,9.205542,9.204469,9.205341,9.204383,15,11,26,300,220,520
"Mousses","Souples et alvéolées",2023-01-31,"Saleccia","2022","Hiver","Aucune",42.726592,42.7261,42.726776,42.726345,9.205542,9.204469,9.205341,9.204383,2,0,2,40,0,40
"Polystirène expansé","Très légers, non alvéolés, extrêmement volatiles",2023-01-31,"Saleccia","2022","Hiver","Aucune",42.726592,42.7261,42.726776,42.726345,9.205542,9.204469,9.205341,9.204383,0,0,0,0,0,0
"GPI","Billes sphériques ou légèrement ovales, aux couleurs variées et de diamètre 1 à 2mm.",2023-01-31,"Saleccia","2022","Hiver","Aucune",42.726592,42.7261,42.726776,42.726345,9.205542,9.204469,9.205341,9.204383,NA,43,43,NA,860,860
"Biomédias","Petits filtres circulaires aux motifs caractéristiques.",2023-06-14,"Barcaghju","2023","Printemps","Aucune",43.007738,43.006958,43.007075,43.007643,9.415923,9.415321,9.415139,9.415722,0,0,0,0,0,0
"Bioperles","Billes d’environ 5mm, cylindriques et striées",2023-06-14,"Barcaghju","2023","Printemps","Aucune",43.007738,43.006958,43.007075,43.007643,9.415923,9.415321,9.415139,9.415722,0,NA,0,0,NA,0
"Fragment de fibre","Fil de pêche, vêtements, dégradation de filets",2023-06-14,"Barcaghju","2023","Printemps","Aucune",43.007738,43.006958,43.007075,43.007643,9.415923,9.415321,9.415139,9.415722,0,0,0,0,0,0
"Films plastiques","Emballages, films alimentaires",2023-06-14,"Barcaghju","2023","Printemps","Aucune",43.007738,43.006958,43.007075,43.007643,9.415923,9.415321,9.415139,9.415722,0,0,0,0,0,0
"Fragments jeunes","Fragments anguleux qui gardent leur couleur d’origine",2023-06-14,"Barcaghju","2023","Printemps","Aucune",43.007738,43.006958,43.007075,43.007643,9.415923,9.415321,9.415139,9.415722,5,6,11,100,120,220
"Fragments vieillis","Fragments aux coins arrondis et/ou blanchis par le sel et le soleil.",2023-06-14,"Barcaghju","2023","Printemps","Aucune",43.007738,43.006958,43.007075,43.007643,9.415923,9.415321,9.415139,9.415722,19,48,67,380,960,1340
"Mousses","Souples et alvéolées",2023-06-14,"Barcaghju","2023","Printemps","Aucune",43.007738,43.006958,43.007075,43.007643,9.415923,9.415321,9.415139,9.415722,1,2,3,20,40,60
"Polystirène expansé","Très légers, non alvéolés, extrêmement volatiles",2023-06-14,"Barcaghju","2023","Printemps","Aucune",43.007738,43.006958,43.007075,43.007643,9.415923,9.415321,9.415139,9.415722,1,3,4,20,60,80
"GPI","Billes sphériques ou légèrement ovales, aux couleurs variées et de diamètre 1 à 2mm.",2023-06-14,"Barcaghju","2023","Printemps","Aucune",43.007738,43.006958,43.007075,43.007643,9.415923,9.415321,9.415139,9.415722,NA,32,32,NA,640,640
"Biomédias","Petits filtres circulaires aux motifs caractéristiques.",2023-05-05,"Ferringule","2023","Printemps","Aucune",42.735017,42.734141,42.735083,42.734197,9.344733,9.344303,9.344461,9.344085,0,0,0,0,0,0
"Bioperles","Billes d’environ 5mm, cylindriques et striées",2023-05-05,"Ferringule","2023","Printemps","Aucune",42.735017,42.734141,42.735083,42.734197,9.344733,9.344303,9.344461,9.344085,1,NA,0,20,NA,0
"Fragment de fibre","Fil de pêche, vêtements, dégradation de filets",2023-05-05,"Ferringule","2023","Printemps","Aucune",42.735017,42.734141,42.735083,42.734197,9.344733,9.344303,9.344461,9.344085,8,3,11,160,60,220
"Films plastiques","Emballages, films alimentaires",2023-05-05,"Ferringule","2023","Printemps","Aucune",42.735017,42.734141,42.735083,42.734197,9.344733,9.344303,9.344461,9.344085,2,0,2,40,0,40
"Fragments jeunes","Fragments anguleux qui gardent leur couleur d’origine",2023-05-05,"Ferringule","2023","Printemps","Aucune",42.735017,42.734141,42.735083,42.734197,9.344733,9.344303,9.344461,9.344085,48,12,60,960,240,1200
"Fragments vieillis","Fragments aux coins arrondis et/ou blanchis par le sel et le soleil.",2023-05-05,"Ferringule","2023","Printemps","Aucune",42.735017,42.734141,42.735083,42.734197,9.344733,9.344303,9.344461,9.344085,66,321,387,1320,6420,7740
"Mousses","Souples et alvéolées",2023-05-05,"Ferringule","2023","Printemps","Aucune",42.735017,42.734141,42.735083,42.734197,9.344733,9.344303,9.344461,9.344085,3,3,6,60,60,120
"Polystirène expansé","Très légers, non alvéolés, extrêmement volatiles",2023-05-05,"Ferringule","2023","Printemps","Aucune",42.735017,42.734141,42.735083,42.734197,9.344733,9.344303,9.344461,9.344085,6,36,42,120,720,840
"GPI","Billes sphériques ou légèrement ovales, aux couleurs variées et de diamètre 1 à 2mm.",2023-05-05,"Ferringule","2023","Printemps","Aucune",42.735017,42.734141,42.735083,42.734197,9.344733,9.344303,9.344461,9.344085,NA,162,162,NA,3240,3240
"Biomédias","Petits filtres circulaires aux motifs caractéristiques.",2023-06-16,"La Roya","2023","Printemps","Aucune",42.675341,42.675969,42.675423,42.676037,9.285529,9.284623,9.285629,9.284741,0,0,0,0,0,0
"Bioperles","Billes d’environ 5mm, cylindriques et striées",2023-06-16,"La Roya","2023","Printemps","Aucune",42.675341,42.675969,42.675423,42.676037,9.285529,9.284623,9.285629,9.284741,0,NA,0,0,NA,0
"Fragment de fibre","Fil de pêche, vêtements, dégradation de filets",2023-06-16,"La Roya","2023","Printemps","Aucune",42.675341,42.675969,42.675423,42.676037,9.285529,9.284623,9.285629,9.284741,6,2,8,120,40,160
"Films plastiques","Emballages, films alimentaires",2023-06-16,"La Roya","2023","Printemps","Aucune",42.675341,42.675969,42.675423,42.676037,9.285529,9.284623,9.285629,9.284741,4,2,6,80,40,120
"Fragments jeunes","Fragments anguleux qui gardent leur couleur d’origine",2023-06-16,"La Roya","2023","Printemps","Aucune",42.675341,42.675969,42.675423,42.676037,9.285529,9.284623,9.285629,9.284741,7,6,13,140,120,260
"Fragments vieillis","Fragments aux coins arrondis et/ou blanchis par le sel et le soleil.",2023-06-16,"La Roya","2023","Printemps","Aucune",42.675341,42.675969,42.675423,42.676037,9.285529,9.284623,9.285629,9.284741,7,12,19,140,240,380
"Mousses","Souples et alvéolées",2023-06-16,"La Roya","2023","Printemps","Aucune",42.675341,42.675969,42.675423,42.676037,9.285529,9.284623,9.285629,9.284741,0,0,0,0,0,0
"Polystirène expansé","Très légers, non alvéolés, extrêmement volatiles",2023-06-16,"La Roya","2023","Printemps","Aucune",42.675341,42.675969,42.675423,42.676037,9.285529,9.284623,9.285629,9.284741,0,0,0,0,0,0
"GPI","Billes sphériques ou légèrement ovales, aux couleurs variées et de diamètre 1 à 2mm.",2023-06-16,"La Roya","2023","Printemps","Aucune",42.675341,42.675969,42.675423,42.676037,9.285529,9.284623,9.285629,9.284741,NA,7,8,NA,140,160
"Biomédias","Petits filtres circulaires aux motifs caractéristiques.",2023-06-06,"Lozari","2023","Printemps","Aucune",0,0,0,0,0,0,0,0,0,0,0,0,0,0
"Bioperles","Billes d’environ 5mm, cylindriques et striées",2023-06-06,"Lozari","2023","Printemps","Aucune",0,0,0,0,0,0,0,0,0,NA,0,0,NA,0
"Fragment de fibre","Fil de pêche, vêtements, dégradation de filets",2023-06-06,"Lozari","2023","Printemps","Aucune",0,0,0,0,0,0,0,0,0,0,0,0,0,0
"Films plastiques","Emballages, films alimentaires",2023-06-06,"Lozari","2023","Printemps","Aucune",0,0,0,0,0,0,0,0,NA,0,0,NA,0,0
"Fragments jeunes","Fragments anguleux qui gardent leur couleur d’origine",2023-06-06,"Lozari","2023","Printemps","Aucune",0,0,0,0,0,0,0,0,0,0,0,0,0,0
"Fragments vieillis","Fragments aux coins arrondis et/ou blanchis par le sel et le soleil.",2023-06-06,"Lozari","2023","Printemps","Aucune",0,0,0,0,0,0,0,0,0,0,0,0,0,0
"Mousses","Souples et alvéolées",2023-06-06,"Lozari","2023","Printemps","Aucune",0,0,0,0,0,0,0,0,0,0,0,0,0,0
"Polystirène expansé","Très légers, non alvéolés, extrêmement volatiles",2023-06-06,"Lozari","2023","Printemps","Aucune",0,0,0,0,0,0,0,0,0,0,0,0,0,0
"GPI","Billes sphériques ou légèrement ovales, aux couleurs variées et de diamètre 1 à 2mm.",2023-06-06,"Lozari","2023","Printemps","Aucune",0,0,0,0,0,0,0,0,NA,0,0,NA,0,0
"Biomédias","Petits filtres circulaires aux motifs caractéristiques.",2023-06-12,"Macinaghju","2023","Printemps","Aucune",42.965595,42.966275,42.965486,42.966166,9.452401,9.45322,9.45256,9.453369,3,0,3,60,0,60
"Bioperles","Billes d’environ 5mm, cylindriques et striées",2023-06-12,"Macinaghju","2023","Printemps","Aucune",42.965595,42.966275,42.965486,42.966166,9.452401,9.45322,9.45256,9.453369,0,NA,3,0,NA,60
"Fragment de fibre","Fil de pêche, vêtements, dégradation de filets",2023-06-12,"Macinaghju","2023","Printemps","Aucune",42.965595,42.966275,42.965486,42.966166,9.452401,9.45322,9.45256,9.453369,1,0,1,20,0,20
"Films plastiques","Emballages, films alimentaires",2023-06-12,"Macinaghju","2023","Printemps","Aucune",42.965595,42.966275,42.965486,42.966166,9.452401,9.45322,9.45256,9.453369,0,0,0,0,0,0
"Fragments jeunes","Fragments anguleux qui gardent leur couleur d’origine",2023-06-12,"Macinaghju","2023","Printemps","Aucune",42.965595,42.966275,42.965486,42.966166,9.452401,9.45322,9.45256,9.453369,3,3,6,60,60,120
"Fragments vieillis","Fragments aux coins arrondis et/ou blanchis par le sel et le soleil.",2023-06-12,"Macinaghju","2023","Printemps","Aucune",42.965595,42.966275,42.965486,42.966166,9.452401,9.45322,9.45256,9.453369,7,23,30,140,460,600
"Mousses","Souples et alvéolées",2023-06-12,"Macinaghju","2023","Printemps","Aucune",42.965595,42.966275,42.965486,42.966166,9.452401,9.45322,9.45256,9.453369,0,0,0,0,0,0
"Polystirène expansé","Très légers, non alvéolés, extrêmement volatiles",2023-06-12,"Macinaghju","2023","Printemps","Aucune",42.965595,42.966275,42.965486,42.966166,9.452401,9.45322,9.45256,9.453369,0,0,0,0,0,0
"GPI","Billes sphériques ou légèrement ovales, aux couleurs variées et de diamètre 1 à 2mm.",2023-06-12,"Macinaghju","2023","Printemps","Aucune",42.965595,42.966275,42.965486,42.966166,9.452401,9.45322,9.45256,9.453369,NA,1,1,NA,20,20
"Biomédias","Petits filtres circulaires aux motifs caractéristiques.",2023-06-20,"Ostriconi","2023","Printemps","Aucune",42.661521,42.661386,42.662246,42.662388,9.060408,9.061094,9.061563,9.060907,0,0,0,0,0,0
"Bioperles","Billes d’environ 5mm, cylindriques et striées",2023-06-20,"Ostriconi","2023","Printemps","Aucune",42.661521,42.661386,42.662246,42.662388,9.060408,9.061094,9.061563,9.060907,0,NA,0,0,NA,0
"Fragment de fibre","Fil de pêche, vêtements, dégradation de filets",2023-06-20,"Ostriconi","2023","Printemps","Aucune",42.661521,42.661386,42.662246,42.662388,9.060408,9.061094,9.061563,9.060907,1,2,3,20,40,60
"Films plastiques","Emballages, films alimentaires",2023-06-20,"Ostriconi","2023","Printemps","Aucune",42.661521,42.661386,42.662246,42.662388,9.060408,9.061094,9.061563,9.060907,2,2,4,40,40,80
"Fragments jeunes","Fragments anguleux qui gardent leur couleur d’origine",2023-06-20,"Ostriconi","2023","Printemps","Aucune",42.661521,42.661386,42.662246,42.662388,9.060408,9.061094,9.061563,9.060907,18,7,25,360,140,500
"Fragments vieillis","Fragments aux coins arrondis et/ou blanchis par le sel et le soleil.",2023-06-20,"Ostriconi","2023","Printemps","Aucune",42.661521,42.661386,42.662246,42.662388,9.060408,9.061094,9.061563,9.060907,56,69,125,1120,1380,2500
"Mousses","Souples et alvéolées",2023-06-20,"Ostriconi","2023","Printemps","Aucune",42.661521,42.661386,42.662246,42.662388,9.060408,9.061094,9.061563,9.060907,0,1,1,0,20,20
"Polystirène expansé","Très légers, non alvéolés, extrêmement volatiles",2023-06-20,"Ostriconi","2023","Printemps","Aucune",42.661521,42.661386,42.662246,42.662388,9.060408,9.061094,9.061563,9.060907,0,2,2,0,40,40
"GPI","Billes sphériques ou légèrement ovales, aux couleurs variées et de diamètre 1 à 2mm.",2023-06-20,"Ostriconi","2023","Printemps","Aucune",42.661521,42.661386,42.662246,42.662388,9.060408,9.061094,9.061563,9.060907,NA,36,3,NA,720,60
"Biomédias","Petits filtres circulaires aux motifs caractéristiques.",2023-06-11,"Petracurbara","2023","Printemps","Aucune",42.838509,42.839412,42.838506,42.839376,9.479719,9.479907,9.479886,9.480058,3,0,3,60,0,60
"Bioperles","Billes d’environ 5mm, cylindriques et striées",2023-06-11,"Petracurbara","2023","Printemps","Aucune",42.838509,42.839412,42.838506,42.839376,9.479719,9.479907,9.479886,9.480058,0,NA,3,0,NA,60
"Fragment de fibre","Fil de pêche, vêtements, dégradation de filets",2023-06-11,"Petracurbara","2023","Printemps","Aucune",42.838509,42.839412,42.838506,42.839376,9.479719,9.479907,9.479886,9.480058,2,3,5,40,60,100
"Films plastiques","Emballages, films alimentaires",2023-06-11,"Petracurbara","2023","Printemps","Aucune",42.838509,42.839412,42.838506,42.839376,9.479719,9.479907,9.479886,9.480058,0,1,1,0,20,20
"Fragments jeunes","Fragments anguleux qui gardent leur couleur d’origine",2023-06-11,"Petracurbara","2023","Printemps","Aucune",42.838509,42.839412,42.838506,42.839376,9.479719,9.479907,9.479886,9.480058,3,0,3,60,0,60
"Fragments vieillis","Fragments aux coins arrondis et/ou blanchis par le sel et le soleil.",2023-06-11,"Petracurbara","2023","Printemps","Aucune",42.838509,42.839412,42.838506,42.839376,9.479719,9.479907,9.479886,9.480058,4,9,13,80,180,260
"Mousses","Souples et alvéolées",2023-06-11,"Petracurbara","2023","Printemps","Aucune",42.838509,42.839412,42.838506,42.839376,9.479719,9.479907,9.479886,9.480058,0,0,0,0,0,0
"Polystirène expansé","Très légers, non alvéolés, extrêmement volatiles",2023-06-11,"Petracurbara","2023","Printemps","Aucune",42.838509,42.839412,42.838506,42.839376,9.479719,9.479907,9.479886,9.480058,0,NA,0,0,NA,0
"GPI","Billes sphériques ou légèrement ovales, aux couleurs variées et de diamètre 1 à 2mm.",2023-06-11,"Petracurbara","2023","Printemps","Aucune",42.838509,42.839412,42.838506,42.839376,9.479719,9.479907,9.479886,9.480058,NA,11,5,NA,220,100
"Biomédias","Petits filtres circulaires aux motifs caractéristiques.",2023-06-20,"Saleccia","2023","Printemps","Aucune",42.726592,42.7261,42.726776,42.726345,9.205542,9.204469,9.205341,9.204383,0,0,0,0,0,0
"Bioperles","Billes d’environ 5mm, cylindriques et striées",2023-06-20,"Saleccia","2023","Printemps","Aucune",42.726592,42.7261,42.726776,42.726345,9.205542,9.204469,9.205341,9.204383,0,NA,0,0,NA,0
"Fragment de fibre","Fil de pêche, vêtements, dégradation de filets",2023-06-20,"Saleccia","2023","Printemps","Aucune",42.726592,42.7261,42.726776,42.726345,9.205542,9.204469,9.205341,9.204383,2,0,2,40,0,40
"Films plastiques","Emballages, films alimentaires",2023-06-20,"Saleccia","2023","Printemps","Aucune",42.726592,42.7261,42.726776,42.726345,9.205542,9.204469,9.205341,9.204383,0,0,0,0,0,0
"Fragments jeunes","Fragments anguleux qui gardent leur couleur d’origine",2023-06-20,"Saleccia","2023","Printemps","Aucune",42.726592,42.7261,42.726776,42.726345,9.205542,9.204469,9.205341,9.204383,2,3,5,40,60,100
"Fragments vieillis","Fragments aux coins arrondis et/ou blanchis par le sel et le soleil.",2023-06-20,"Saleccia","2023","Printemps","Aucune",42.726592,42.7261,42.726776,42.726345,9.205542,9.204469,9.205341,9.204383,27,22,49,540,440,980
"Mousses","Souples et alvéolées",2023-06-20,"Saleccia","2023","Printemps","Aucune",42.726592,42.7261,42.726776,42.726345,9.205542,9.204469,9.205341,9.204383,0,0,0,0,0,0
"Polystirène expansé","Très légers, non alvéolés, extrêmement volatiles",2023-06-20,"Saleccia","2023","Printemps","Aucune",42.726592,42.7261,42.726776,42.726345,9.205542,9.204469,9.205341,9.204383,0,2,2,0,40,40
"GPI","Billes sphériques ou légèrement ovales, aux couleurs variées et de diamètre 1 à 2mm.",2023-06-20,"Saleccia","2023","Printemps","Aucune",42.726592,42.7261,42.726776,42.726345,9.205542,9.204469,9.205341,9.204383,NA,19,19,NA,380,380
"Biomédias","Petits filtres circulaires aux motifs caractéristiques.",2023-08-21,"Barcaghju","2023","Eté","Aucune",43.007738,43.006958,43.007075,43.007643,9.415923,9.415321,9.415139,9.415722,0,0,0,0,0,0
"Bioperles","Billes d’environ 5mm, cylindriques et striées",2023-08-21,"Barcaghju","2023","Eté","Aucune",43.007738,43.006958,43.007075,43.007643,9.415923,9.415321,9.415139,9.415722,0,NA,0,0,NA,0
"Fragment de fibre","Fil de pêche, vêtements, dégradation de filets",2023-08-21,"Barcaghju","2023","Eté","Aucune",43.007738,43.006958,43.007075,43.007643,9.415923,9.415321,9.415139,9.415722,1,2,3,20,40,60
"Films plastiques","Emballages, films alimentaires",2023-08-21,"Barcaghju","2023","Eté","Aucune",43.007738,43.006958,43.007075,43.007643,9.415923,9.415321,9.415139,9.415722,0,0,0,0,0,0
"Fragments jeunes","Fragments anguleux qui gardent leur couleur d’origine",2023-08-21,"Barcaghju","2023","Eté","Aucune",43.007738,43.006958,43.007075,43.007643,9.415923,9.415321,9.415139,9.415722,3,2,5,60,40,100
"Fragments vieillis","Fragments aux coins arrondis et/ou blanchis par le sel et le soleil.",2023-08-21,"Barcaghju","2023","Eté","Aucune",43.007738,43.006958,43.007075,43.007643,9.415923,9.415321,9.415139,9.415722,3,4,7,60,80,140
"Mousses","Souples et alvéolées",2023-08-21,"Barcaghju","2023","Eté","Aucune",43.007738,43.006958,43.007075,43.007643,9.415923,9.415321,9.415139,9.415722,0,0,0,0,0,0
"Polystirène expansé","Très légers, non alvéolés, extrêmement volatiles",2023-08-21,"Barcaghju","2023","Eté","Aucune",43.007738,43.006958,43.007075,43.007643,9.415923,9.415321,9.415139,9.415722,2,1,3,40,20,60
"GPI","Billes sphériques ou légèrement ovales, aux couleurs variées et de diamètre 1 à 2mm.",2023-08-21,"Barcaghju","2023","Eté","Aucune",43.007738,43.006958,43.007075,43.007643,9.415923,9.415321,9.415139,9.415722,NA,4,4,NA,80,80
"Biomédias","Petits filtres circulaires aux motifs caractéristiques.",2023-08-17,"Ferringule","2023","Eté","Aucune",42.735017,42.734141,42.735083,42.734197,9.344733,9.344303,9.344461,9.344085,0,0,0,0,0,0
"Bioperles","Billes d’environ 5mm, cylindriques et striées",2023-08-17,"Ferringule","2023","Eté","Aucune",42.735017,42.734141,42.735083,42.734197,9.344733,9.344303,9.344461,9.344085,2,NA,0,40,NA,0
"Fragment de fibre","Fil de pêche, vêtements, dégradation de filets",2023-08-17,"Ferringule","2023","Eté","Aucune",42.735017,42.734141,42.735083,42.734197,9.344733,9.344303,9.344461,9.344085,6,9,15,120,180,300
"Films plastiques","Emballages, films alimentaires",2023-08-17,"Ferringule","2023","Eté","Aucune",42.735017,42.734141,42.735083,42.734197,9.344733,9.344303,9.344461,9.344085,2,9,11,40,180,220
"Fragments jeunes","Fragments anguleux qui gardent leur couleur d’origine",2023-08-17,"Ferringule","2023","Eté","Aucune",42.735017,42.734141,42.735083,42.734197,9.344733,9.344303,9.344461,9.344085,37,12,49,740,240,980
"Fragments vieillis","Fragments aux coins arrondis et/ou blanchis par le sel et le soleil.",2023-08-17,"Ferringule","2023","Eté","Aucune",42.735017,42.734141,42.735083,42.734197,9.344733,9.344303,9.344461,9.344085,71,614,685,1420,12280,13700
"Mousses","Souples et alvéolées",2023-08-17,"Ferringule","2023","Eté","Aucune",42.735017,42.734141,42.735083,42.734197,9.344733,9.344303,9.344461,9.344085,4,1,5,80,20,100
"Polystirène expansé","Très légers, non alvéolés, extrêmement volatiles",2023-08-17,"Ferringule","2023","Eté","Aucune",42.735017,42.734141,42.735083,42.734197,9.344733,9.344303,9.344461,9.344085,4,28,32,80,560,640
"GPI","Billes sphériques ou légèrement ovales, aux couleurs variées et de diamètre 1 à 2mm.",2023-08-17,"Ferringule","2023","Eté","Aucune",42.735017,42.734141,42.735083,42.734197,9.344733,9.344303,9.344461,9.344085,NA,249,249,NA,4980,4980
"Biomédias","Petits filtres circulaires aux motifs caractéristiques.",2023-09-20,"La Roya","2023","Eté","Aucune",42.675341,42.675969,42.675423,42.676037,9.285529,9.284623,9.285629,9.284741,0,0,0,0,0,0
"Bioperles","Billes d’environ 5mm, cylindriques et striées",2023-09-20,"La Roya","2023","Eté","Aucune",42.675341,42.675969,42.675423,42.676037,9.285529,9.284623,9.285629,9.284741,0,NA,0,0,NA,0
"Fragment de fibre","Fil de pêche, vêtements, dégradation de filets",2023-09-20,"La Roya","2023","Eté","Aucune",42.675341,42.675969,42.675423,42.676037,9.285529,9.284623,9.285629,9.284741,15,3,18,300,60,360
"Films plastiques","Emballages, films alimentaires",2023-09-20,"La Roya","2023","Eté","Aucune",42.675341,42.675969,42.675423,42.676037,9.285529,9.284623,9.285629,9.284741,7,2,9,140,40,180
"Fragments jeunes","Fragments anguleux qui gardent leur couleur d’origine",2023-09-20,"La Roya","2023","Eté","Aucune",42.675341,42.675969,42.675423,42.676037,9.285529,9.284623,9.285629,9.284741,5,6,11,100,120,220
"Fragments vieillis","Fragments aux coins arrondis et/ou blanchis par le sel et le soleil.",2023-09-20,"La Roya","2023","Eté","Aucune",42.675341,42.675969,42.675423,42.676037,9.285529,9.284623,9.285629,9.284741,34,51,85,680,1020,1700
"Mousses","Souples et alvéolées",2023-09-20,"La Roya","2023","Eté","Aucune",42.675341,42.675969,42.675423,42.676037,9.285529,9.284623,9.285629,9.284741,26,3,29,520,60,580
"Polystirène expansé","Très légers, non alvéolés, extrêmement volatiles",2023-09-20,"La Roya","2023","Eté","Aucune",42.675341,42.675969,42.675423,42.676037,9.285529,9.284623,9.285629,9.284741,6,3,9,120,60,180
"GPI","Billes sphériques ou légèrement ovales, aux couleurs variées et de diamètre 1 à 2mm.",2023-09-20,"La Roya","2023","Eté","Aucune",42.675341,42.675969,42.675423,42.676037,9.285529,9.284623,9.285629,9.284741,NA,10,10,NA,200,200
"Biomédias","Petits filtres circulaires aux motifs caractéristiques.",2023-09-26,"Macinaghju","2023","Eté","Aucune",42.965595,42.966275,42.965486,42.966166,9.452401,9.45322,9.45256,9.453369,0,0,0,0,0,0
"Bioperles","Billes d’environ 5mm, cylindriques et striées",2023-09-26,"Macinaghju","2023","Eté","Aucune",42.965595,42.966275,42.965486,42.966166,9.452401,9.45322,9.45256,9.453369,0,NA,0,0,NA,0
"Fragment de fibre","Fil de pêche, vêtements, dégradation de filets",2023-09-26,"Macinaghju","2023","Eté","Aucune",42.965595,42.966275,42.965486,42.966166,9.452401,9.45322,9.45256,9.453369,0,0,0,0,0,0
"Films plastiques","Emballages, films alimentaires",2023-09-26,"Macinaghju","2023","Eté","Aucune",42.965595,42.966275,42.965486,42.966166,9.452401,9.45322,9.45256,9.453369,0,0,0,0,0,0
"Fragments jeunes","Fragments anguleux qui gardent leur couleur d’origine",2023-09-26,"Macinaghju","2023","Eté","Aucune",42.965595,42.966275,42.965486,42.966166,9.452401,9.45322,9.45256,9.453369,9,9,18,180,180,360
"Fragments vieillis","Fragments aux coins arrondis et/ou blanchis par le sel et le soleil.",2023-09-26,"Macinaghju","2023","Eté","Aucune",42.965595,42.966275,42.965486,42.966166,9.452401,9.45322,9.45256,9.453369,29,101,130,580,2020,2600
"Mousses","Souples et alvéolées",2023-09-26,"Macinaghju","2023","Eté","Aucune",42.965595,42.966275,42.965486,42.966166,9.452401,9.45322,9.45256,9.453369,4,8,12,80,160,240
"Polystirène expansé","Très légers, non alvéolés, extrêmement volatiles",2023-09-26,"Macinaghju","2023","Eté","Aucune",42.965595,42.966275,42.965486,42.966166,9.452401,9.45322,9.45256,9.453369,0,3,3,0,60,60
"GPI","Billes sphériques ou légèrement ovales, aux couleurs variées et de diamètre 1 à 2mm.",2023-09-26,"Macinaghju","2023","Eté","Aucune",42.965595,42.966275,42.965486,42.966166,9.452401,9.45322,9.45256,9.453369,NA,30,30,NA,600,600
"Biomédias","Petits filtres circulaires aux motifs caractéristiques.",2023-08-09,"Ostriconi","2023","Eté","Aucune",42.661521,42.661386,42.662246,42.662388,9.060408,9.061094,9.061563,9.060907,0,0,0,0,0,0
"Bioperles","Billes d’environ 5mm, cylindriques et striées",2023-08-09,"Ostriconi","2023","Eté","Aucune",42.661521,42.661386,42.662246,42.662388,9.060408,9.061094,9.061563,9.060907,0,NA,0,0,NA,0
"Fragment de fibre","Fil de pêche, vêtements, dégradation de filets",2023-08-09,"Ostriconi","2023","Eté","Aucune",42.661521,42.661386,42.662246,42.662388,9.060408,9.061094,9.061563,9.060907,6,1,7,120,20,140
"Films plastiques","Emballages, films alimentaires",2023-08-09,"Ostriconi","2023","Eté","Aucune",42.661521,42.661386,42.662246,42.662388,9.060408,9.061094,9.061563,9.060907,1,0,1,20,0,20
"Fragments jeunes","Fragments anguleux qui gardent leur couleur d’origine",2023-08-09,"Ostriconi","2023","Eté","Aucune",42.661521,42.661386,42.662246,42.662388,9.060408,9.061094,9.061563,9.060907,25,8,33,500,160,660
"Fragments vieillis","Fragments aux coins arrondis et/ou blanchis par le sel et le soleil.",2023-08-09,"Ostriconi","2023","Eté","Aucune",42.661521,42.661386,42.662246,42.662388,9.060408,9.061094,9.061563,9.060907,72,138,210,1440,2760,4200
"Mousses","Souples et alvéolées",2023-08-09,"Ostriconi","2023","Eté","Aucune",42.661521,42.661386,42.662246,42.662388,9.060408,9.061094,9.061563,9.060907,2,3,5,40,60,100
"Polystirène expansé","Très légers, non alvéolés, extrêmement volatiles",2023-08-09,"Ostriconi","2023","Eté","Aucune",42.661521,42.661386,42.662246,42.662388,9.060408,9.061094,9.061563,9.060907,1,5,6,20,100,120
"GPI","Billes sphériques ou légèrement ovales, aux couleurs variées et de diamètre 1 à 2mm.",2023-08-09,"Ostriconi","2023","Eté","Aucune",42.661521,42.661386,42.662246,42.662388,9.060408,9.061094,9.061563,9.060907,NA,118,118,NA,2360,2360
"Biomédias","Petits filtres circulaires aux motifs caractéristiques.",2023-09-01,"Petracurbara","2023","Eté","Aucune",42.838509,42.839412,42.838506,42.839376,9.479719,9.479907,9.479886,9.480058,0,0,0,0,0,0
"Bioperles","Billes d’environ 5mm, cylindriques et striées",2023-09-01,"Petracurbara","2023","Eté","Aucune",42.838509,42.839412,42.838506,42.839376,9.479719,9.479907,9.479886,9.480058,0,NA,0,0,NA,0
"Fragment de fibre","Fil de pêche, vêtements, dégradation de filets",2023-09-01,"Petracurbara","2023","Eté","Aucune",42.838509,42.839412,42.838506,42.839376,9.479719,9.479907,9.479886,9.480058,0,1,1,0,20,20
"Films plastiques","Emballages, films alimentaires",2023-09-01,"Petracurbara","2023","Eté","Aucune",42.838509,42.839412,42.838506,42.839376,9.479719,9.479907,9.479886,9.480058,1,2,3,20,40,60
"Fragments jeunes","Fragments anguleux qui gardent leur couleur d’origine",2023-09-01,"Petracurbara","2023","Eté","Aucune",42.838509,42.839412,42.838506,42.839376,9.479719,9.479907,9.479886,9.480058,2,5,7,40,100,140
"Fragments vieillis","Fragments aux coins arrondis et/ou blanchis par le sel et le soleil.",2023-09-01,"Petracurbara","2023","Eté","Aucune",42.838509,42.839412,42.838506,42.839376,9.479719,9.479907,9.479886,9.480058,5,10,15,100,200,300
"Mousses","Souples et alvéolées",2023-09-01,"Petracurbara","2023","Eté","Aucune",42.838509,42.839412,42.838506,42.839376,9.479719,9.479907,9.479886,9.480058,0,0,0,0,0,0
"Polystirène expansé","Très légers, non alvéolés, extrêmement volatiles",2023-09-01,"Petracurbara","2023","Eté","Aucune",42.838509,42.839412,42.838506,42.839376,9.479719,9.479907,9.479886,9.480058,1,0,1,20,0,20
"GPI","Billes sphériques ou légèrement ovales, aux couleurs variées et de diamètre 1 à 2mm.",2023-09-01,"Petracurbara","2023","Eté","Aucune",42.838509,42.839412,42.838506,42.839376,9.479719,9.479907,9.479886,9.480058,NA,3,3,NA,60,60
"Biomédias","Petits filtres circulaires aux motifs caractéristiques.",2023-08-10,"Saleccia","2023","Eté","Aucune",42.726592,42.7261,42.726776,42.726345,9.205542,9.204469,9.205341,9.204383,0,0,0,0,0,0
"Bioperles","Billes d’environ 5mm, cylindriques et striées",2023-08-10,"Saleccia","2023","Eté","Aucune",42.726592,42.7261,42.726776,42.726345,9.205542,9.204469,9.205341,9.204383,0,NA,0,0,NA,0
"Fragment de fibre","Fil de pêche, vêtements, dégradation de filets",2023-08-10,"Saleccia","2023","Eté","Aucune",42.726592,42.7261,42.726776,42.726345,9.205542,9.204469,9.205341,9.204383,1,0,1,20,0,20
"Films plastiques","Emballages, films alimentaires",2023-08-10,"Saleccia","2023","Eté","Aucune",42.726592,42.7261,42.726776,42.726345,9.205542,9.204469,9.205341,9.204383,0,0,0,0,0,0
"Fragments jeunes","Fragments anguleux qui gardent leur couleur d’origine",2023-08-10,"Saleccia","2023","Eté","Aucune",42.726592,42.7261,42.726776,42.726345,9.205542,9.204469,9.205341,9.204383,10,6,16,200,120,320
"Fragments vieillis","Fragments aux coins arrondis et/ou blanchis par le sel et le soleil.",2023-08-10,"Saleccia","2023","Eté","Aucune",42.726592,42.7261,42.726776,42.726345,9.205542,9.204469,9.205341,9.204383,7,22,29,140,440,580
"Mousses","Souples et alvéolées",2023-08-10,"Saleccia","2023","Eté","Aucune",42.726592,42.7261,42.726776,42.726345,9.205542,9.204469,9.205341,9.204383,0,0,0,0,0,0
"Polystirène expansé","Très légers, non alvéolés, extrêmement volatiles",2023-08-10,"Saleccia","2023","Eté","Aucune",42.726592,42.7261,42.726776,42.726345,9.205542,9.204469,9.205341,9.204383,0,0,0,0,0,0
"GPI","Billes sphériques ou légèrement ovales, aux couleurs variées et de diamètre 1 à 2mm.",2023-08-10,"Saleccia","2023","Eté","Aucune",42.726592,42.7261,42.726776,42.726345,9.205542,9.204469,9.205341,9.204383,NA,12,18,NA,240,360
"Biomédias","Petits filtres circulaires aux motifs caractéristiques.",2023-11-14,"Barcaghju","2023","Automne","Aucune",43.007738,43.006958,43.007075,43.007643,9.415923,9.415321,9.415139,9.415722,0,0,0,0,0,0
"Bioperles","Billes d’environ 5mm, cylindriques et striées",2023-11-14,"Barcaghju","2023","Automne","Aucune",43.007738,43.006958,43.007075,43.007643,9.415923,9.415321,9.415139,9.415722,0,NA,0,0,NA,0
"Fragment de fibre","Fil de pêche, vêtements, dégradation de filets",2023-11-14,"Barcaghju","2023","Automne","Aucune",43.007738,43.006958,43.007075,43.007643,9.415923,9.415321,9.415139,9.415722,0,2,2,0,40,40
"Films plastiques","Emballages, films alimentaires",2023-11-14,"Barcaghju","2023","Automne","Aucune",43.007738,43.006958,43.007075,43.007643,9.415923,9.415321,9.415139,9.415722,0,0,0,0,0,0
"Fragments jeunes","Fragments anguleux qui gardent leur couleur d’origine",2023-11-14,"Barcaghju","2023","Automne","Aucune",43.007738,43.006958,43.007075,43.007643,9.415923,9.415321,9.415139,9.415722,5,4,9,100,80,180
"Fragments vieillis","Fragments aux coins arrondis et/ou blanchis par le sel et le soleil.",2023-11-14,"Barcaghju","2023","Automne","Aucune",43.007738,43.006958,43.007075,43.007643,9.415923,9.415321,9.415139,9.415722,48,136,184,960,2720,3680
"Mousses","Souples et alvéolées",2023-11-14,"Barcaghju","2023","Automne","Aucune",43.007738,43.006958,43.007075,43.007643,9.415923,9.415321,9.415139,9.415722,0,0,0,0,0,0
"Polystirène expansé","Très légers, non alvéolés, extrêmement volatiles",2023-11-14,"Barcaghju","2023","Automne","Aucune",43.007738,43.006958,43.007075,43.007643,9.415923,9.415321,9.415139,9.415722,0,15,15,0,300,300
"GPI","Billes sphériques ou légèrement ovales, aux couleurs variées et de diamètre 1 à 2mm.",2023-11-14,"Barcaghju","2023","Automne","Aucune",43.007738,43.006958,43.007075,43.007643,9.415923,9.415321,9.415139,9.415722,NA,118,281,NA,2360,5620
"Biomédias","Petits filtres circulaires aux motifs caractéristiques.",2023-12-06,"Ferringule","2023","Automne","Aucune",42.735017,42.734141,42.735083,42.734197,9.344733,9.344303,9.344461,9.344085,8,0,8,160,0,160
"Bioperles","Billes d’environ 5mm, cylindriques et striées",2023-12-06,"Ferringule","2023","Automne","Aucune",42.735017,42.734141,42.735083,42.734197,9.344733,9.344303,9.344461,9.344085,3,NA,3,60,NA,60
"Fragment de fibre","Fil de pêche, vêtements, dégradation de filets",2023-12-06,"Ferringule","2023","Automne","Aucune",42.735017,42.734141,42.735083,42.734197,9.344733,9.344303,9.344461,9.344085,0,0,0,0,0,0
"Films plastiques","Emballages, films alimentaires",2023-12-06,"Ferringule","2023","Automne","Aucune",42.735017,42.734141,42.735083,42.734197,9.344733,9.344303,9.344461,9.344085,0,0,0,0,0,0
"Fragments jeunes","Fragments anguleux qui gardent leur couleur d’origine",2023-12-06,"Ferringule","2023","Automne","Aucune",42.735017,42.734141,42.735083,42.734197,9.344733,9.344303,9.344461,9.344085,73,120,193,1460,2400,3860
"Fragments vieillis","Fragments aux coins arrondis et/ou blanchis par le sel et le soleil.",2023-12-06,"Ferringule","2023","Automne","Aucune",42.735017,42.734141,42.735083,42.734197,9.344733,9.344303,9.344461,9.344085,412,2518,2930,8240,50360,58600
"Mousses","Souples et alvéolées",2023-12-06,"Ferringule","2023","Automne","Aucune",42.735017,42.734141,42.735083,42.734197,9.344733,9.344303,9.344461,9.344085,19,0,19,380,0,380
"Polystirène expansé","Très légers, non alvéolés, extrêmement volatiles",2023-12-06,"Ferringule","2023","Automne","Aucune",42.735017,42.734141,42.735083,42.734197,9.344733,9.344303,9.344461,9.344085,210,0,210,4200,0,4200
"GPI","Billes sphériques ou légèrement ovales, aux couleurs variées et de diamètre 1 à 2mm.",2023-12-06,"Ferringule","2023","Automne","Aucune",42.735017,42.734141,42.735083,42.734197,9.344733,9.344303,9.344461,9.344085,NA,878,878,NA,17560,17560
"Biomédias","Petits filtres circulaires aux motifs caractéristiques.",2023-11-13,"La Roya","2023","Automne","Aucune",42.675341,42.675969,42.675423,42.676037,9.285529,9.284623,9.285629,9.284741,0,0,0,0,0,0
"Bioperles","Billes d’environ 5mm, cylindriques et striées",2023-11-13,"La Roya","2023","Automne","Aucune",42.675341,42.675969,42.675423,42.676037,9.285529,9.284623,9.285629,9.284741,0,NA,0,0,NA,0
"Fragment de fibre","Fil de pêche, vêtements, dégradation de filets",2023-11-13,"La Roya","2023","Automne","Aucune",42.675341,42.675969,42.675423,42.676037,9.285529,9.284623,9.285629,9.284741,0,0,0,0,0,0
"Films plastiques","Emballages, films alimentaires",2023-11-13,"La Roya","2023","Automne","Aucune",42.675341,42.675969,42.675423,42.676037,9.285529,9.284623,9.285629,9.284741,1,1,2,20,20,40
"Fragments jeunes","Fragments anguleux qui gardent leur couleur d’origine",2023-11-13,"La Roya","2023","Automne","Aucune",42.675341,42.675969,42.675423,42.676037,9.285529,9.284623,9.285629,9.284741,5,3,8,100,60,160
"Fragments vieillis","Fragments aux coins arrondis et/ou blanchis par le sel et le soleil.",2023-11-13,"La Roya","2023","Automne","Aucune",42.675341,42.675969,42.675423,42.676037,9.285529,9.284623,9.285629,9.284741,28,26,54,560,520,1080
"Mousses","Souples et alvéolées",2023-11-13,"La Roya","2023","Automne","Aucune",42.675341,42.675969,42.675423,42.676037,9.285529,9.284623,9.285629,9.284741,2,1,3,40,20,60
"Polystirène expansé","Très légers, non alvéolés, extrêmement volatiles",2023-11-13,"La Roya","2023","Automne","Aucune",42.675341,42.675969,42.675423,42.676037,9.285529,9.284623,9.285629,9.284741,1,6,7,20,120,140
"GPI","Billes sphériques ou légèrement ovales, aux couleurs variées et de diamètre 1 à 2mm.",2023-11-13,"La Roya","2023","Automne","Aucune",42.675341,42.675969,42.675423,42.676037,9.285529,9.284623,9.285629,9.284741,NA,101,0,NA,2020,0
"Biomédias","Petits filtres circulaires aux motifs caractéristiques.",2023-12-23,"Lozari","2023","Automne","Aucune",0,0,0,0,0,0,0,0,0,0,0,0,0,0
"Bioperles","Billes d’environ 5mm, cylindriques et striées",2023-12-23,"Lozari","2023","Automne","Aucune",0,0,0,0,0,0,0,0,0,NA,0,0,NA,0
"Fragment de fibre","Fil de pêche, vêtements, dégradation de filets",2023-12-23,"Lozari","2023","Automne","Aucune",0,0,0,0,0,0,0,0,0,0,0,0,0,0
"Films plastiques","Emballages, films alimentaires",2023-12-23,"Lozari","2023","Automne","Aucune",0,0,0,0,0,0,0,0,1,0,1,20,0,20
"Fragments jeunes","Fragments anguleux qui gardent leur couleur d’origine",2023-12-23,"Lozari","2023","Automne","Aucune",0,0,0,0,0,0,0,0,14,0,14,280,0,280
"Fragments vieillis","Fragments aux coins arrondis et/ou blanchis par le sel et le soleil.",2023-12-23,"Lozari","2023","Automne","Aucune",0,0,0,0,0,0,0,0,3,0,3,60,0,60
"Mousses","Souples et alvéolées",2023-12-23,"Lozari","2023","Automne","Aucune",0,0,0,0,0,0,0,0,0,0,0,0,0,0
"Polystirène expansé","Très légers, non alvéolés, extrêmement volatiles",2023-12-23,"Lozari","2023","Automne","Aucune",0,0,0,0,0,0,0,0,0,0,0,0,0,0
"GPI","Billes sphériques ou légèrement ovales, aux couleurs variées et de diamètre 1 à 2mm.",2023-12-23,"Lozari","2023","Automne","Aucune",0,0,0,0,0,0,0,0,NA,2,2,NA,40,40
"Biomédias","Petits filtres circulaires aux motifs caractéristiques.",2024-01-09,"Macinaghju","2023","Automne","Aucune",42.965595,42.966275,42.965486,42.966166,9.452401,9.45322,9.45256,9.453369,0,0,0,0,0,0
"Bioperles","Billes d’environ 5mm, cylindriques et striées",2024-01-09,"Macinaghju","2023","Automne","Aucune",42.965595,42.966275,42.965486,42.966166,9.452401,9.45322,9.45256,9.453369,0,NA,0,0,NA,0
"Fragment de fibre","Fil de pêche, vêtements, dégradation de filets",2024-01-09,"Macinaghju","2023","Automne","Aucune",42.965595,42.966275,42.965486,42.966166,9.452401,9.45322,9.45256,9.453369,0,0,0,0,0,0
"Films plastiques","Emballages, films alimentaires",2024-01-09,"Macinaghju","2023","Automne","Aucune",42.965595,42.966275,42.965486,42.966166,9.452401,9.45322,9.45256,9.453369,0,0,0,0,0,0
"Fragments jeunes","Fragments anguleux qui gardent leur couleur d’origine",2024-01-09,"Macinaghju","2023","Automne","Aucune",42.965595,42.966275,42.965486,42.966166,9.452401,9.45322,9.45256,9.453369,5,13,18,100,260,360
"Fragments vieillis","Fragments aux coins arrondis et/ou blanchis par le sel et le soleil.",2024-01-09,"Macinaghju","2023","Automne","Aucune",42.965595,42.966275,42.965486,42.966166,9.452401,9.45322,9.45256,9.453369,11,42,53,220,840,1060
"Mousses","Souples et alvéolées",2024-01-09,"Macinaghju","2023","Automne","Aucune",42.965595,42.966275,42.965486,42.966166,9.452401,9.45322,9.45256,9.453369,1,0,1,20,0,20
"Polystirène expansé","Très légers, non alvéolés, extrêmement volatiles",2024-01-09,"Macinaghju","2023","Automne","Aucune",42.965595,42.966275,42.965486,42.966166,9.452401,9.45322,9.45256,9.453369,1,0,1,20,0,20
"GPI","Billes sphériques ou légèrement ovales, aux couleurs variées et de diamètre 1 à 2mm.",2024-01-09,"Macinaghju","2023","Automne","Aucune",42.965595,42.966275,42.965486,42.966166,9.452401,9.45322,9.45256,9.453369,NA,18,15,NA,360,300
"Biomédias","Petits filtres circulaires aux motifs caractéristiques.",2023-12-19,"Ostriconi","2023","Automne","Aucune",42.661521,42.661386,42.662246,42.662388,9.060408,9.061094,9.061563,9.060907,0,0,0,0,0,0
"Bioperles","Billes d’environ 5mm, cylindriques et striées",2023-12-19,"Ostriconi","2023","Automne","Aucune",42.661521,42.661386,42.662246,42.662388,9.060408,9.061094,9.061563,9.060907,0,NA,0,0,NA,0
"Fragment de fibre","Fil de pêche, vêtements, dégradation de filets",2023-12-19,"Ostriconi","2023","Automne","Aucune",42.661521,42.661386,42.662246,42.662388,9.060408,9.061094,9.061563,9.060907,0,1,3,0,20,60
"Films plastiques","Emballages, films alimentaires",2023-12-19,"Ostriconi","2023","Automne","Aucune",42.661521,42.661386,42.662246,42.662388,9.060408,9.061094,9.061563,9.060907,2,NA,109,40,NA,2180
"Fragments jeunes","Fragments anguleux qui gardent leur couleur d’origine",2023-12-19,"Ostriconi","2023","Automne","Aucune",42.661521,42.661386,42.662246,42.662388,9.060408,9.061094,9.061563,9.060907,109,52,519,2180,1040,10380
"Fragments vieillis","Fragments aux coins arrondis et/ou blanchis par le sel et le soleil.",2023-12-19,"Ostriconi","2023","Automne","Aucune",42.661521,42.661386,42.662246,42.662388,9.060408,9.061094,9.061563,9.060907,467,288,288,9340,5760,5760
"Mousses","Souples et alvéolées",2023-12-19,"Ostriconi","2023","Automne","Aucune",42.661521,42.661386,42.662246,42.662388,9.060408,9.061094,9.061563,9.060907,0,0,3,0,0,60
"Polystirène expansé","Très légers, non alvéolés, extrêmement volatiles",2023-12-19,"Ostriconi","2023","Automne","Aucune",42.661521,42.661386,42.662246,42.662388,9.060408,9.061094,9.061563,9.060907,3,3,3,60,60,60
"GPI","Billes sphériques ou légèrement ovales, aux couleurs variées et de diamètre 1 à 2mm.",2023-12-19,"Ostriconi","2023","Automne","Aucune",42.661521,42.661386,42.662246,42.662388,9.060408,9.061094,9.061563,9.060907,NA,702,702,NA,14040,14040
"Biomédias","Petits filtres circulaires aux motifs caractéristiques.",2023-11-23,"Petracurbara","2023","Automne","Aucune",42.838509,42.839412,42.838506,42.839376,9.479719,9.479907,9.479886,9.480058,0,0,0,0,0,0
"Bioperles","Billes d’environ 5mm, cylindriques et striées",2023-11-23,"Petracurbara","2023","Automne","Aucune",42.838509,42.839412,42.838506,42.839376,9.479719,9.479907,9.479886,9.480058,0,NA,0,0,NA,0
"Fragment de fibre","Fil de pêche, vêtements, dégradation de filets",2023-11-23,"Petracurbara","2023","Automne","Aucune",42.838509,42.839412,42.838506,42.839376,9.479719,9.479907,9.479886,9.480058,0,0,0,0,0,0
"Films plastiques","Emballages, films alimentaires",2023-11-23,"Petracurbara","2023","Automne","Aucune",42.838509,42.839412,42.838506,42.839376,9.479719,9.479907,9.479886,9.480058,0,0,0,0,0,0
"Fragments jeunes","Fragments anguleux qui gardent leur couleur d’origine",2023-11-23,"Petracurbara","2023","Automne","Aucune",42.838509,42.839412,42.838506,42.839376,9.479719,9.479907,9.479886,9.480058,4,2,6,80,40,120
"Fragments vieillis","Fragments aux coins arrondis et/ou blanchis par le sel et le soleil.",2023-11-23,"Petracurbara","2023","Automne","Aucune",42.838509,42.839412,42.838506,42.839376,9.479719,9.479907,9.479886,9.480058,7,9,16,140,180,320
"Mousses","Souples et alvéolées",2023-11-23,"Petracurbara","2023","Automne","Aucune",42.838509,42.839412,42.838506,42.839376,9.479719,9.479907,9.479886,9.480058,0,0,0,0,0,0
"Polystirène expansé","Très légers, non alvéolés, extrêmement volatiles",2023-11-23,"Petracurbara","2023","Automne","Aucune",42.838509,42.839412,42.838506,42.839376,9.479719,9.479907,9.479886,9.480058,1,3,4,20,60,80
"GPI","Billes sphériques ou légèrement ovales, aux couleurs variées et de diamètre 1 à 2mm.",2023-11-23,"Petracurbara","2023","Automne","Aucune",42.838509,42.839412,42.838506,42.839376,9.479719,9.479907,9.479886,9.480058,NA,9,0,NA,180,0
"Biomédias","Petits filtres circulaires aux motifs caractéristiques.",2023-10-26,"Saleccia","2023","Automne","Aucune",42.726592,42.7261,42.726776,42.726345,9.205542,9.204469,9.205341,9.204383,0,0,0,0,0,0
"Bioperles","Billes d’environ 5mm, cylindriques et striées",2023-10-26,"Saleccia","2023","Automne","Aucune",42.726592,42.7261,42.726776,42.726345,9.205542,9.204469,9.205341,9.204383,0,NA,0,0,NA,0
"Fragment de fibre","Fil de pêche, vêtements, dégradation de filets",2023-10-26,"Saleccia","2023","Automne","Aucune",42.726592,42.7261,42.726776,42.726345,9.205542,9.204469,9.205341,9.204383,0,0,0,0,0,0
"Films plastiques","Emballages, films alimentaires",2023-10-26,"Saleccia","2023","Automne","Aucune",42.726592,42.7261,42.726776,42.726345,9.205542,9.204469,9.205341,9.204383,0,0,0,0,0,0
"Fragments jeunes","Fragments anguleux qui gardent leur couleur d’origine",2023-10-26,"Saleccia","2023","Automne","Aucune",42.726592,42.7261,42.726776,42.726345,9.205542,9.204469,9.205341,9.204383,12,13,25,240,260,500
"Fragments vieillis","Fragments aux coins arrondis et/ou blanchis par le sel et le soleil.",2023-10-26,"Saleccia","2023","Automne","Aucune",42.726592,42.7261,42.726776,42.726345,9.205542,9.204469,9.205341,9.204383,17,24,41,340,480,820
"Mousses","Souples et alvéolées",2023-10-26,"Saleccia","2023","Automne","Aucune",42.726592,42.7261,42.726776,42.726345,9.205542,9.204469,9.205341,9.204383,1,2,3,20,40,60
"Polystirène expansé","Très légers, non alvéolés, extrêmement volatiles",2023-10-26,"Saleccia","2023","Automne","Aucune",42.726592,42.7261,42.726776,42.726345,9.205542,9.204469,9.205341,9.204383,0,11,11,0,220,220
"GPI","Billes sphériques ou légèrement ovales, aux couleurs variées et de diamètre 1 à 2mm.",2023-10-26,"Saleccia","2023","Automne","Aucune",42.726592,42.7261,42.726776,42.726345,9.205542,9.204469,9.205341,9.204383,NA,96,96,NA,1920,1920
"Biomédias","Petits filtres circulaires aux motifs caractéristiques.",2024-03-22,"Barcaghju","2023","Hiver","Aucune",43.007738,43.006958,43.007075,43.007643,9.415923,9.415321,9.415139,9.415722,0,0,0,0,0,0
"Bioperles","Billes d’environ 5mm, cylindriques et striées",2024-03-22,"Barcaghju","2023","Hiver","Aucune",43.007738,43.006958,43.007075,43.007643,9.415923,9.415321,9.415139,9.415722,0,NA,0,0,NA,0
"Fragment de fibre","Fil de pêche, vêtements, dégradation de filets",2024-03-22,"Barcaghju","2023","Hiver","Aucune",43.007738,43.006958,43.007075,43.007643,9.415923,9.415321,9.415139,9.415722,0,0,0,0,0,0
"Films plastiques","Emballages, films alimentaires",2024-03-22,"Barcaghju","2023","Hiver","Aucune",43.007738,43.006958,43.007075,43.007643,9.415923,9.415321,9.415139,9.415722,0,0,0,0,0,0
"Fragments jeunes","Fragments anguleux qui gardent leur couleur d’origine",2024-03-22,"Barcaghju","2023","Hiver","Aucune",43.007738,43.006958,43.007075,43.007643,9.415923,9.415321,9.415139,9.415722,1,5,6,20,100,120
"Fragments vieillis","Fragments aux coins arrondis et/ou blanchis par le sel et le soleil.",2024-03-22,"Barcaghju","2023","Hiver","Aucune",43.007738,43.006958,43.007075,43.007643,9.415923,9.415321,9.415139,9.415722,12,49,61,240,980,1220
"Mousses","Souples et alvéolées",2024-03-22,"Barcaghju","2023","Hiver","Aucune",43.007738,43.006958,43.007075,43.007643,9.415923,9.415321,9.415139,9.415722,0,0,0,0,0,0
"Polystirène expansé","Très légers, non alvéolés, extrêmement volatiles",2024-03-22,"Barcaghju","2023","Hiver","Aucune",43.007738,43.006958,43.007075,43.007643,9.415923,9.415321,9.415139,9.415722,0,0,0,0,0,0
"GPI","Billes sphériques ou légèrement ovales, aux couleurs variées et de diamètre 1 à 2mm.",2024-03-22,"Barcaghju","2023","Hiver","Aucune",43.007738,43.006958,43.007075,43.007643,9.415923,9.415321,9.415139,9.415722,NA,38,38,NA,760,760
"Biomédias","Petits filtres circulaires aux motifs caractéristiques.",2024-01-26,"Ferringule","2023","Hiver","Aucune",42.735017,42.734141,42.735083,42.734197,9.344733,9.344303,9.344461,9.344085,0,0,0,0,0,0
"Bioperles","Billes d’environ 5mm, cylindriques et striées",2024-01-26,"Ferringule","2023","Hiver","Aucune",42.735017,42.734141,42.735083,42.734197,9.344733,9.344303,9.344461,9.344085,0,NA,0,0,NA,0
"Fragment de fibre","Fil de pêche, vêtements, dégradation de filets",2024-01-26,"Ferringule","2023","Hiver","Aucune",42.735017,42.734141,42.735083,42.734197,9.344733,9.344303,9.344461,9.344085,0,0,0,0,0,0
"Films plastiques","Emballages, films alimentaires",2024-01-26,"Ferringule","2023","Hiver","Aucune",42.735017,42.734141,42.735083,42.734197,9.344733,9.344303,9.344461,9.344085,5,0,5,100,0,100
"Fragments jeunes","Fragments anguleux qui gardent leur couleur d’origine",2024-01-26,"Ferringule","2023","Hiver","Aucune",42.735017,42.734141,42.735083,42.734197,9.344733,9.344303,9.344461,9.344085,189,87,276,3780,1740,5520
"Fragments vieillis","Fragments aux coins arrondis et/ou blanchis par le sel et le soleil.",2024-01-26,"Ferringule","2023","Hiver","Aucune",42.735017,42.734141,42.735083,42.734197,9.344733,9.344303,9.344461,9.344085,786,1050,1836,15720,21000,36720
"Mousses","Souples et alvéolées",2024-01-26,"Ferringule","2023","Hiver","Aucune",42.735017,42.734141,42.735083,42.734197,9.344733,9.344303,9.344461,9.344085,4,0,4,80,0,80
"Polystirène expansé","Très légers, non alvéolés, extrêmement volatiles",2024-01-26,"Ferringule","2023","Hiver","Aucune",42.735017,42.734141,42.735083,42.734197,9.344733,9.344303,9.344461,9.344085,362,107,469,7240,2140,9380
"GPI","Billes sphériques ou légèrement ovales, aux couleurs variées et de diamètre 1 à 2mm.",2024-01-26,"Ferringule","2023","Hiver","Aucune",42.735017,42.734141,42.735083,42.734197,9.344733,9.344303,9.344461,9.344085,NA,707,707,NA,14140,14140
"Biomédias","Petits filtres circulaires aux motifs caractéristiques.",2024-01-19,"La Roya","2023","Hiver","Aucune",42.675341,42.675969,42.675423,42.676037,9.285529,9.284623,9.285629,9.284741,0,0,0,0,0,0
"Bioperles","Billes d’environ 5mm, cylindriques et striées",2024-01-19,"La Roya","2023","Hiver","Aucune",42.675341,42.675969,42.675423,42.676037,9.285529,9.284623,9.285629,9.284741,0,NA,0,0,NA,0
"Fragment de fibre","Fil de pêche, vêtements, dégradation de filets",2024-01-19,"La Roya","2023","Hiver","Aucune",42.675341,42.675969,42.675423,42.676037,9.285529,9.284623,9.285629,9.284741,0,0,0,0,0,0
"Films plastiques","Emballages, films alimentaires",2024-01-19,"La Roya","2023","Hiver","Aucune",42.675341,42.675969,42.675423,42.676037,9.285529,9.284623,9.285629,9.284741,0,0,0,0,0,0
"Fragments jeunes","Fragments anguleux qui gardent leur couleur d’origine",2024-01-19,"La Roya","2023","Hiver","Aucune",42.675341,42.675969,42.675423,42.676037,9.285529,9.284623,9.285629,9.284741,16,53,69,320,1060,1380
"Fragments vieillis","Fragments aux coins arrondis et/ou blanchis par le sel et le soleil.",2024-01-19,"La Roya","2023","Hiver","Aucune",42.675341,42.675969,42.675423,42.676037,9.285529,9.284623,9.285629,9.284741,77,114,191,1540,2280,3820
"Mousses","Souples et alvéolées",2024-01-19,"La Roya","2023","Hiver","Aucune",42.675341,42.675969,42.675423,42.676037,9.285529,9.284623,9.285629,9.284741,0,0,0,0,0,0
"Polystirène expansé","Très légers, non alvéolés, extrêmement volatiles",2024-01-19,"La Roya","2023","Hiver","Aucune",42.675341,42.675969,42.675423,42.676037,9.285529,9.284623,9.285629,9.284741,0,0,0,0,0,0
"GPI","Billes sphériques ou légèrement ovales, aux couleurs variées et de diamètre 1 à 2mm.",2024-01-19,"La Roya","2023","Hiver","Aucune",42.675341,42.675969,42.675423,42.676037,9.285529,9.284623,9.285629,9.284741,NA,104,104,NA,2080,2080
"Biomédias","Petits filtres circulaires aux motifs caractéristiques.",2024-03-19,"Macinaghju","2023","Hiver","Aucune",42.965595,42.966275,42.965486,42.966166,9.452401,9.45322,9.45256,9.453369,0,0,0,0,0,0
"Bioperles","Billes d’environ 5mm, cylindriques et striées",2024-03-19,"Macinaghju","2023","Hiver","Aucune",42.965595,42.966275,42.965486,42.966166,9.452401,9.45322,9.45256,9.453369,0,NA,0,0,NA,0
"Fragment de fibre","Fil de pêche, vêtements, dégradation de filets",2024-03-19,"Macinaghju","2023","Hiver","Aucune",42.965595,42.966275,42.965486,42.966166,9.452401,9.45322,9.45256,9.453369,0,0,0,0,0,0
"Films plastiques","Emballages, films alimentaires",2024-03-19,"Macinaghju","2023","Hiver","Aucune",42.965595,42.966275,42.965486,42.966166,9.452401,9.45322,9.45256,9.453369,0,0,0,0,0,0
"Fragments jeunes","Fragments anguleux qui gardent leur couleur d’origine",2024-03-19,"Macinaghju","2023","Hiver","Aucune",42.965595,42.966275,42.965486,42.966166,9.452401,9.45322,9.45256,9.453369,3,6,9,60,120,180
"Fragments vieillis","Fragments aux coins arrondis et/ou blanchis par le sel et le soleil.",2024-03-19,"Macinaghju","2023","Hiver","Aucune",42.965595,42.966275,42.965486,42.966166,9.452401,9.45322,9.45256,9.453369,4,14,18,80,280,360
"Mousses","Souples et alvéolées",2024-03-19,"Macinaghju","2023","Hiver","Aucune",42.965595,42.966275,42.965486,42.966166,9.452401,9.45322,9.45256,9.453369,0,0,0,0,0,0
"Polystirène expansé","Très légers, non alvéolés, extrêmement volatiles",2024-03-19,"Macinaghju","2023","Hiver","Aucune",42.965595,42.966275,42.965486,42.966166,9.452401,9.45322,9.45256,9.453369,0,32,32,0,640,640
"GPI","Billes sphériques ou légèrement ovales, aux couleurs variées et de diamètre 1 à 2mm.",2024-03-19,"Macinaghju","2023","Hiver","Aucune",42.965595,42.966275,42.965486,42.966166,9.452401,9.45322,9.45256,9.453369,NA,26,0,NA,520,0
"Biomédias","Petits filtres circulaires aux motifs caractéristiques.",2024-03-12,"Ostriconi","2023","Hiver","Aucune",42.661521,42.661386,42.662246,42.662388,9.060408,9.061094,9.061563,9.060907,0,0,0,0,0,0
"Bioperles","Billes d’environ 5mm, cylindriques et striées",2024-03-12,"Ostriconi","2023","Hiver","Aucune",42.661521,42.661386,42.662246,42.662388,9.060408,9.061094,9.061563,9.060907,0,NA,0,0,NA,0
"Fragment de fibre","Fil de pêche, vêtements, dégradation de filets",2024-03-12,"Ostriconi","2023","Hiver","Aucune",42.661521,42.661386,42.662246,42.662388,9.060408,9.061094,9.061563,9.060907,0,0,0,0,0,0
"Films plastiques","Emballages, films alimentaires",2024-03-12,"Ostriconi","2023","Hiver","Aucune",42.661521,42.661386,42.662246,42.662388,9.060408,9.061094,9.061563,9.060907,0,0,0,0,0,0
"Fragments jeunes","Fragments anguleux qui gardent leur couleur d’origine",2024-03-12,"Ostriconi","2023","Hiver","Aucune",42.661521,42.661386,42.662246,42.662388,9.060408,9.061094,9.061563,9.060907,11,6,17,220,120,340
"Fragments vieillis","Fragments aux coins arrondis et/ou blanchis par le sel et le soleil.",2024-03-12,"Ostriconi","2023","Hiver","Aucune",42.661521,42.661386,42.662246,42.662388,9.060408,9.061094,9.061563,9.060907,213,25,238,4260,500,4760
"Mousses","Souples et alvéolées",2024-03-12,"Ostriconi","2023","Hiver","Aucune",42.661521,42.661386,42.662246,42.662388,9.060408,9.061094,9.061563,9.060907,0,0,1,0,0,20
"Polystirène expansé","Très légers, non alvéolés, extrêmement volatiles",2024-03-12,"Ostriconi","2023","Hiver","Aucune",42.661521,42.661386,42.662246,42.662388,9.060408,9.061094,9.061563,9.060907,0,1,0,0,20,0
"GPI","Billes sphériques ou légèrement ovales, aux couleurs variées et de diamètre 1 à 2mm.",2024-03-12,"Ostriconi","2023","Hiver","Aucune",42.661521,42.661386,42.662246,42.662388,9.060408,9.061094,9.061563,9.060907,NA,224,0,NA,4480,0
"Biomédias","Petits filtres circulaires aux motifs caractéristiques.",2024-02-07,"Petracurbara","2023","Hiver","Aucune",42.838509,42.839412,42.838506,42.839376,9.479719,9.479907,9.479886,9.480058,0,0,0,0,0,0
"Bioperles","Billes d’environ 5mm, cylindriques et striées",2024-02-07,"Petracurbara","2023","Hiver","Aucune",42.838509,42.839412,42.838506,42.839376,9.479719,9.479907,9.479886,9.480058,0,NA,0,0,NA,0
"Fragment de fibre","Fil de pêche, vêtements, dégradation de filets",2024-02-07,"Petracurbara","2023","Hiver","Aucune",42.838509,42.839412,42.838506,42.839376,9.479719,9.479907,9.479886,9.480058,0,0,0,0,0,0
"Films plastiques","Emballages, films alimentaires",2024-02-07,"Petracurbara","2023","Hiver","Aucune",42.838509,42.839412,42.838506,42.839376,9.479719,9.479907,9.479886,9.480058,0,0,0,0,0,0
"Fragments jeunes","Fragments anguleux qui gardent leur couleur d’origine",2024-02-07,"Petracurbara","2023","Hiver","Aucune",42.838509,42.839412,42.838506,42.839376,9.479719,9.479907,9.479886,9.480058,1,0,1,20,0,20
"Fragments vieillis","Fragments aux coins arrondis et/ou blanchis par le sel et le soleil.",2024-02-07,"Petracurbara","2023","Hiver","Aucune",42.838509,42.839412,42.838506,42.839376,9.479719,9.479907,9.479886,9.480058,4,3,7,80,60,140
"Mousses","Souples et alvéolées",2024-02-07,"Petracurbara","2023","Hiver","Aucune",42.838509,42.839412,42.838506,42.839376,9.479719,9.479907,9.479886,9.480058,0,1,1,0,20,20
"Polystirène expansé","Très légers, non alvéolés, extrêmement volatiles",2024-02-07,"Petracurbara","2023","Hiver","Aucune",42.838509,42.839412,42.838506,42.839376,9.479719,9.479907,9.479886,9.480058,0,0,0,0,0,0
"GPI","Billes sphériques ou légèrement ovales, aux couleurs variées et de diamètre 1 à 2mm.",2024-02-07,"Petracurbara","2023","Hiver","Aucune",42.838509,42.839412,42.838506,42.839376,9.479719,9.479907,9.479886,9.480058,NA,0,0,NA,0,0
"Biomédias","Petits filtres circulaires aux motifs caractéristiques.",2024-02-12,"Saleccia","2023","Hiver","Aucune",42.726592,42.7261,42.726776,42.726345,9.205542,9.204469,9.205341,9.204383,0,0,0,0,0,0
"Bioperles","Billes d’environ 5mm, cylindriques et striées",2024-02-12,"Saleccia","2023","Hiver","Aucune",42.726592,42.7261,42.726776,42.726345,9.205542,9.204469,9.205341,9.204383,0,NA,0,0,NA,0
"Fragment de fibre","Fil de pêche, vêtements, dégradation de filets",2024-02-12,"Saleccia","2023","Hiver","Aucune",42.726592,42.7261,42.726776,42.726345,9.205542,9.204469,9.205341,9.204383,0,0,0,0,0,0
"Films plastiques","Emballages, films alimentaires",2024-02-12,"Saleccia","2023","Hiver","Aucune",42.726592,42.7261,42.726776,42.726345,9.205542,9.204469,9.205341,9.204383,1,0,1,20,0,20
"Fragments jeunes","Fragments anguleux qui gardent leur couleur d’origine",2024-02-12,"Saleccia","2023","Hiver","Aucune",42.726592,42.7261,42.726776,42.726345,9.205542,9.204469,9.205341,9.204383,0,0,0,0,0,0
"Fragments vieillis","Fragments aux coins arrondis et/ou blanchis par le sel et le soleil.",2024-02-12,"Saleccia","2023","Hiver","Aucune",42.726592,42.7261,42.726776,42.726345,9.205542,9.204469,9.205341,9.204383,6,7,13,120,140,260
"Mousses","Souples et alvéolées",2024-02-12,"Saleccia","2023","Hiver","Aucune",42.726592,42.7261,42.726776,42.726345,9.205542,9.204469,9.205341,9.204383,0,0,0,0,0,0
"Polystirène expansé","Très légers, non alvéolés, extrêmement volatiles",2024-02-12,"Saleccia","2023","Hiver","Aucune",42.726592,42.7261,42.726776,42.726345,9.205542,9.204469,9.205341,9.204383,1,0,1,20,0,20
"GPI","Billes sphériques ou légèrement ovales, aux couleurs variées et de diamètre 1 à 2mm.",2024-02-12,"Saleccia","2023","Hiver","Aucune",42.726592,42.7261,42.726776,42.726345,9.205542,9.204469,9.205341,9.204383,NA,0,0,NA,0,0
"Biomédias","Petits filtres circulaires aux motifs caractéristiques.",2024-04-26,"Ostriconi","2024","Printemps","Aucune",42.661521,42.661386,42.662246,42.662388,9.060408,9.061094,9.061563,9.060907,0,0,0,0,0,0
"Bioperles","Billes d’environ 5mm, cylindriques et striées",2024-04-26,"Ostriconi","2024","Printemps","Aucune",42.661521,42.661386,42.662246,42.662388,9.060408,9.061094,9.061563,9.060907,0,NA,0,0,NA,0
"Fragment de fibre","Fil de pêche, vêtements, dégradation de filets",2024-04-26,"Ostriconi","2024","Printemps","Aucune",42.661521,42.661386,42.662246,42.662388,9.060408,9.061094,9.061563,9.060907,0,0,0,0,0,0
"Films plastiques","Emballages, films alimentaires",2024-04-26,"Ostriconi","2024","Printemps","Aucune",42.661521,42.661386,42.662246,42.662388,9.060408,9.061094,9.061563,9.060907,0,0,24,0,0,480
"Fragments jeunes","Fragments anguleux qui gardent leur couleur d’origine",2024-04-26,"Ostriconi","2024","Printemps","Aucune",42.661521,42.661386,42.662246,42.662388,9.060408,9.061094,9.061563,9.060907,24,13,407,480,260,8140
"Fragments vieillis","Fragments aux coins arrondis et/ou blanchis par le sel et le soleil.",2024-04-26,"Ostriconi","2024","Printemps","Aucune",42.661521,42.661386,42.662246,42.662388,9.060408,9.061094,9.061563,9.060907,394,286,288,7880,5720,5760
"Mousses","Souples et alvéolées",2024-04-26,"Ostriconi","2024","Printemps","Aucune",42.661521,42.661386,42.662246,42.662388,9.060408,9.061094,9.061563,9.060907,2,2,3,40,40,60
"Polystirène expansé","Très légers, non alvéolés, extrêmement volatiles",2024-04-26,"Ostriconi","2024","Printemps","Aucune",42.661521,42.661386,42.662246,42.662388,9.060408,9.061094,9.061563,9.060907,1,3,3,20,60,60
"GPI","Billes sphériques ou légèrement ovales, aux couleurs variées et de diamètre 1 à 2mm.",2024-04-26,"Ostriconi","2024","Printemps","Aucune",42.661521,42.661386,42.662246,42.662388,9.060408,9.061094,9.061563,9.060907,NA,535,535,NA,10700,10700
